2026-08-13 08:47:28,786 - sqlalchemy.engine.Engine - INFO - select pg_catalog.version()
2026-08-13 08:47:28,787 - sqlalchemy.engine.Engine - INFO - [raw sql] {}
2026-08-13 08:47:28,795 - sqlalchemy.engine.Engine - INFO - select current_schema()
2026-08-13 08:47:28,795 - sqlalchemy.engine.Engine - INFO - [raw sql] {}
2026-08-13 08:47:28,799 - sqlalchemy.engine.Engine - INFO - show standard_conforming_strings
2026-08-13 08:47:28,800 - sqlalchemy.engine.Engine - INFO - [raw sql] {}
2026-08-13 08:47:28,804 - sqlalchemy.engine.Engine - INFO - BEGIN (implicit)
2026-08-13 08:47:28,815 - sqlalchemy.engine.Engine - INFO - SELECT pg_catalog.pg_class.relname 
FROM pg_catalog.pg_class JOIN pg_catalog.pg_namespace ON pg_catalog.pg_namespace.oid = pg_catalog.pg_class.relnamespace 
WHERE pg_catalog.pg_class.relname = %(table_name)s AND pg_catalog.pg_class.relkind = ANY (ARRAY[%(param_1)s, %(param_2)s, %(param_3)s, %(param_4)s, %(param_5)s]) AND pg_catalog.pg_table_is_visible(pg_catalog.pg_class.oid) AND pg_catalog.pg_namespace.nspname != %(nspname_1)s
2026-08-13 08:47:28,816 - sqlalchemy.engine.Engine - INFO - [generated in 0.00109s] {'table_name': 'user', 'param_1': 'r', 'param_2': 'p', 'param_3': 'f', 'param_4': 'v', 'param_5': 'm', 'nspname_1': 'pg_catalog'}
2026-08-13 08:47:28,820 - sqlalchemy.engine.Engine - INFO - SELECT pg_catalog.pg_class.relname 
FROM pg_catalog.pg_class JOIN pg_catalog.pg_namespace ON pg_catalog.pg_namespace.oid = pg_catalog.pg_class.relnamespace 
WHERE pg_catalog.pg_class.relname = %(table_name)s AND pg_catalog.pg_class.relkind = ANY (ARRAY[%(param_1)s, %(param_2)s, %(param_3)s, %(param_4)s, %(param_5)s]) AND pg_catalog.pg_table_is_visible(pg_catalog.pg_class.oid) AND pg_catalog.pg_namespace.nspname != %(nspname_1)s
2026-08-13 08:47:28,820 - sqlalchemy.engine.Engine - INFO - [cached since 0.005363s ago] {'table_name': 'document', 'param_1': 'r', 'param_2': 'p', 'param_3': 'f', 'param_4': 'v', 'param_5': 'm', 'nspname_1': 'pg_catalog'}
2026-08-13 08:47:28,822 - sqlalchemy.engine.Engine - INFO - COMMIT
2026-08-13 08:47:28,838 - sqlalchemy.engine.Engine - INFO - BEGIN (implicit)
2026-08-13 08:47:28,854 - sqlalchemy.engine.Engine - INFO - SELECT "user".id, "user".username, "user".email, "user".hashed_password, "user".full_name, "user".role, "user".is_active, "user".created_at, "user".updated_at, "user".last_login 
FROM "user" 
WHERE "user".username = %(username_1)s
2026-08-13 08:47:28,854 - sqlalchemy.engine.Engine - INFO - [generated in 0.00046s] {'username_1': 'testuser6032cf11'}
2026-08-13 08:47:28,860 - sqlalchemy.engine.Engine - INFO - SELECT "user".id, "user".username, "user".email, "user".hashed_password, "user".full_name, "user".role, "user".is_active, "user".created_at, "user".updated_at, "user".last_login 
FROM "user" 
WHERE "user".email = %(email_1)s
2026-08-13 08:47:28,860 - sqlalchemy.engine.Engine - INFO - [generated in 0.00051s] {'email_1': 'test6032cf11@example.com'}
2026-08-13 08:47:29,180 - sqlalchemy.engine.Engine - INFO - INSERT INTO "user" (username, email, hashed_password, full_name, role, is_active, created_at, updated_at, last_login) VALUES (%(username)s, %(email)s, %(hashed_password)s, %(full_name)s, %(role)s, %(is_active)s, %(created_at)s, %(updated_at)s, %(last_login)s) RETURNING "user".id
2026-08-13 08:47:29,181 - sqlalchemy.engine.Engine - INFO - [generated in 0.00122s] {'username': 'testuser6032cf11', 'email': 'test6032cf11@example.com', 'hashed_password': '$2b$12$B64Wxk4jyrfshMCQpQo2cuiIr.lzBqeQaqenByno.u7wa4gOF41hi', 'full_name': 'Test User', 'role': 'staff', 'is_active': True, 'created_at': datetime.datetime(2026, 8, 13, 5, 47, 29, 174944), 'updated_at': datetime.datetime(2026, 8, 13, 5, 47, 29, 175020), 'last_login': None}
2026-08-13 08:47:29,185 - sqlalchemy.engine.Engine - INFO - COMMIT
2026-08-13 08:47:29,189 - sqlalchemy.engine.Engine - INFO - BEGIN (implicit)
2026-08-13 08:47:29,191 - sqlalchemy.engine.Engine - INFO - SELECT "user".id, "user".username, "user".email, "user".hashed_password, "user".full_name, "user".role, "user".is_active, "user".created_at, "user".updated_at, "user".last_login 
FROM "user" 
WHERE "user".id = %(pk_1)s
2026-08-13 08:47:29,191 - sqlalchemy.engine.Engine - INFO - [generated in 0.00038s] {'pk_1': 18}
2026-08-13 08:47:29,196 - main - INFO - POST /register - Status: 200 - Time: 0.366s
2026-08-13 08:47:29,197 - sqlalchemy.engine.Engine - INFO - ROLLBACK
2026-08-13 08:47:29,201 - httpx - INFO - HTTP Request: POST http://testserver/register "HTTP/1.1 200 OK"
2026-08-13 08:47:29,209 - sqlalchemy.engine.Engine - INFO - BEGIN (implicit)
2026-08-13 08:47:29,211 - sqlalchemy.engine.Engine - INFO - SELECT pg_catalog.pg_class.relname 
FROM pg_catalog.pg_class JOIN pg_catalog.pg_namespace ON pg_catalog.pg_namespace.oid = pg_catalog.pg_class.relnamespace 
WHERE pg_catalog.pg_class.relname = %(table_name)s AND pg_catalog.pg_class.relkind = ANY (ARRAY[%(param_1)s, %(param_2)s, %(param_3)s, %(param_4)s, %(param_5)s]) AND pg_catalog.pg_table_is_visible(pg_catalog.pg_class.oid) AND pg_catalog.pg_namespace.nspname != %(nspname_1)s
2026-08-13 08:47:29,211 - sqlalchemy.engine.Engine - INFO - [cached since 0.3967s ago] {'table_name': 'user', 'param_1': 'r', 'param_2': 'p', 'param_3': 'f', 'param_4': 'v', 'param_5': 'm', 'nspname_1': 'pg_catalog'}
2026-08-13 08:47:29,215 - sqlalchemy.engine.Engine - INFO - SELECT pg_catalog.pg_class.relname 
FROM pg_catalog.pg_class JOIN pg_catalog.pg_namespace ON pg_catalog.pg_namespace.oid = pg_catalog.pg_class.relnamespace 
WHERE pg_catalog.pg_class.relname = %(table_name)s AND pg_catalog.pg_class.relkind = ANY (ARRAY[%(param_1)s, %(param_2)s, %(param_3)s, %(param_4)s, %(param_5)s]) AND pg_catalog.pg_table_is_visible(pg_catalog.pg_class.oid) AND pg_catalog.pg_namespace.nspname != %(nspname_1)s
2026-08-13 08:47:29,215 - sqlalchemy.engine.Engine - INFO - [cached since 0.4008s ago] {'table_name': 'document', 'param_1': 'r', 'param_2': 'p', 'param_3': 'f', 'param_4': 'v', 'param_5': 'm', 'nspname_1': 'pg_catalog'}
2026-08-13 08:47:29,222 - sqlalchemy.engine.Engine - INFO - COMMIT
2026-08-13 08:47:29,230 - sqlalchemy.engine.Engine - INFO - BEGIN (implicit)
2026-08-13 08:47:29,234 - sqlalchemy.engine.Engine - INFO - SELECT "user".id, "user".username, "user".email, "user".hashed_password, "user".full_name, "user".role, "user".is_active, "user".created_at, "user".updated_at, "user".last_login 
FROM "user" 
WHERE "user".username = %(username_1)s
2026-08-13 08:47:29,236 - sqlalchemy.engine.Engine - INFO - [cached since 0.382s ago] {'username_1': 'testuserad6b773d'}
2026-08-13 08:47:29,251 - sqlalchemy.engine.Engine - INFO - SELECT "user".id, "user".username, "user".email, "user".hashed_password, "user".full_name, "user".role, "user".is_active, "user".created_at, "user".updated_at, "user".last_login 
FROM "user" 
WHERE "user".email = %(email_1)s
2026-08-13 08:47:29,252 - sqlalchemy.engine.Engine - INFO - [cached since 0.3922s ago] {'email_1': 'testad6b773d@example.com'}
2026-08-13 08:47:29,572 - sqlalchemy.engine.Engine - INFO - INSERT INTO "user" (username, email, hashed_password, full_name, role, is_active, created_at, updated_at, last_login) VALUES (%(username)s, %(email)s, %(hashed_password)s, %(full_name)s, %(role)s, %(is_active)s, %(created_at)s, %(updated_at)s, %(last_login)s) RETURNING "user".id
2026-08-13 08:47:29,572 - sqlalchemy.engine.Engine - INFO - [cached since 0.3923s ago] {'username': 'testuserad6b773d', 'email': 'testad6b773d@example.com', 'hashed_password': '$2b$12$v2i/4nE6OPpwl/q9gDlfyO125up.95oVVtjCcdRVq9qDgp3mMfsc.', 'full_name': 'Test User', 'role': 'staff', 'is_active': True, 'created_at': datetime.datetime(2026, 8, 13, 5, 47, 29, 571148), 'updated_at': datetime.datetime(2026, 8, 13, 5, 47, 29, 571186), 'last_login': None}
2026-08-13 08:47:29,574 - sqlalchemy.engine.Engine - INFO - COMMIT
2026-08-13 08:47:29,577 - sqlalchemy.engine.Engine - INFO - BEGIN (implicit)
2026-08-13 08:47:29,578 - sqlalchemy.engine.Engine - INFO - SELECT "user".id, "user".username, "user".email, "user".hashed_password, "user".full_name, "user".role, "user".is_active, "user".created_at, "user".updated_at, "user".last_login 
FROM "user" 
WHERE "user".id = %(pk_1)s
2026-08-13 08:47:29,578 - sqlalchemy.engine.Engine - INFO - [cached since 0.3874s ago] {'pk_1': 19}
2026-08-13 08:47:29,582 - main - INFO - POST /register - Status: 200 - Time: 0.357s
2026-08-13 08:47:29,583 - sqlalchemy.engine.Engine - INFO - ROLLBACK
2026-08-13 08:47:29,586 - httpx - INFO - HTTP Request: POST http://testserver/register "HTTP/1.1 200 OK"
2026-08-13 08:47:29,592 - sqlalchemy.engine.Engine - INFO - BEGIN (implicit)
2026-08-13 08:47:29,593 - sqlalchemy.engine.Engine - INFO - SELECT "user".id, "user".username, "user".email, "user".hashed_password, "user".full_name, "user".role, "user".is_active, "user".created_at, "user".updated_at, "user".last_login 
FROM "user" 
WHERE "user".username = %(username_1)s
2026-08-13 08:47:29,594 - sqlalchemy.engine.Engine - INFO - [cached since 0.7397s ago] {'username_1': 'testuserad6b773d'}
2026-08-13 08:47:29,903 - sqlalchemy.engine.Engine - INFO - UPDATE "user" SET last_login=%(last_login)s WHERE "user".id = %(user_id)s
2026-08-13 08:47:29,904 - sqlalchemy.engine.Engine - INFO - [generated in 0.00086s] {'last_login': datetime.datetime(2026, 8, 13, 5, 47, 29, 899756), 'user_id': 19}
2026-08-13 08:47:29,908 - sqlalchemy.engine.Engine - INFO - COMMIT
2026-08-13 08:47:29,917 - sqlalchemy.engine.Engine - INFO - BEGIN (implicit)
2026-08-13 08:47:29,921 - sqlalchemy.engine.Engine - INFO - SELECT "user".id AS user_id, "user".username AS user_username, "user".email AS user_email, "user".hashed_password AS user_hashed_password, "user".full_name AS user_full_name, "user".role AS user_role, "user".is_active AS user_is_active, "user".created_at AS user_created_at, "user".updated_at AS user_updated_at, "user".last_login AS user_last_login 
FROM "user" 
WHERE "user".id = %(pk_1)s
2026-08-13 08:47:29,921 - sqlalchemy.engine.Engine - INFO - [generated in 0.00076s] {'pk_1': 19}
2026-08-13 08:47:29,928 - main - INFO - POST /login - Status: 200 - Time: 0.340s
2026-08-13 08:47:29,929 - sqlalchemy.engine.Engine - INFO - ROLLBACK
2026-08-13 08:47:29,932 - httpx - INFO - HTTP Request: POST http://testserver/login "HTTP/1.1 200 OK"
2026-08-13 08:47:29,944 - sqlalchemy.engine.Engine - INFO - BEGIN (implicit)
2026-08-13 08:47:29,945 - sqlalchemy.engine.Engine - INFO - SELECT pg_catalog.pg_class.relname 
FROM pg_catalog.pg_class JOIN pg_catalog.pg_namespace ON pg_catalog.pg_namespace.oid = pg_catalog.pg_class.relnamespace 
WHERE pg_catalog.pg_class.relname = %(table_name)s AND pg_catalog.pg_class.relkind = ANY (ARRAY[%(param_1)s, %(param_2)s, %(param_3)s, %(param_4)s, %(param_5)s]) AND pg_catalog.pg_table_is_visible(pg_catalog.pg_class.oid) AND pg_catalog.pg_namespace.nspname != %(nspname_1)s
2026-08-13 08:47:29,945 - sqlalchemy.engine.Engine - INFO - [cached since 1.13s ago] {'table_name': 'user', 'param_1': 'r', 'param_2': 'p', 'param_3': 'f', 'param_4': 'v', 'param_5': 'm', 'nspname_1': 'pg_catalog'}
2026-08-13 08:47:29,950 - sqlalchemy.engine.Engine - INFO - SELECT pg_catalog.pg_class.relname 
FROM pg_catalog.pg_class JOIN pg_catalog.pg_namespace ON pg_catalog.pg_namespace.oid = pg_catalog.pg_class.relnamespace 
WHERE pg_catalog.pg_class.relname = %(table_name)s AND pg_catalog.pg_class.relkind = ANY (ARRAY[%(param_1)s, %(param_2)s, %(param_3)s, %(param_4)s, %(param_5)s]) AND pg_catalog.pg_table_is_visible(pg_catalog.pg_class.oid) AND pg_catalog.pg_namespace.nspname != %(nspname_1)s
2026-08-13 08:47:29,952 - sqlalchemy.engine.Engine - INFO - [cached since 1.136s ago] {'table_name': 'document', 'param_1': 'r', 'param_2': 'p', 'param_3': 'f', 'param_4': 'v', 'param_5': 'm', 'nspname_1': 'pg_catalog'}
2026-08-13 08:47:29,956 - sqlalchemy.engine.Engine - INFO - COMMIT
2026-08-13 08:47:29,964 - sqlalchemy.engine.Engine - INFO - BEGIN (implicit)
2026-08-13 08:47:29,965 - sqlalchemy.engine.Engine - INFO - SELECT "user".id, "user".username, "user".email, "user".hashed_password, "user".full_name, "user".role, "user".is_active, "user".created_at, "user".updated_at, "user".last_login 
FROM "user" 
WHERE "user".username = %(username_1)s
2026-08-13 08:47:29,966 - sqlalchemy.engine.Engine - INFO - [cached since 1.112s ago] {'username_1': 'testuserc5a7a5de'}
2026-08-13 08:47:29,970 - sqlalchemy.engine.Engine - INFO - SELECT "user".id, "user".username, "user".email, "user".hashed_password, "user".full_name, "user".role, "user".is_active, "user".created_at, "user".updated_at, "user".last_login 
FROM "user" 
WHERE "user".email = %(email_1)s
2026-08-13 08:47:29,970 - sqlalchemy.engine.Engine - INFO - [cached since 1.111s ago] {'email_1': 'testc5a7a5de@example.com'}
2026-08-13 08:47:30,274 - sqlalchemy.engine.Engine - INFO - INSERT INTO "user" (username, email, hashed_password, full_name, role, is_active, created_at, updated_at, last_login) VALUES (%(username)s, %(email)s, %(hashed_password)s, %(full_name)s, %(role)s, %(is_active)s, %(created_at)s, %(updated_at)s, %(last_login)s) RETURNING "user".id
2026-08-13 08:47:30,274 - sqlalchemy.engine.Engine - INFO - [cached since 1.095s ago] {'username': 'testuserc5a7a5de', 'email': 'testc5a7a5de@example.com', 'hashed_password': '$2b$12$CyqM6scDnMZop7gp0qJJDeU/qwkWO2BpOh6DZuAYqZHgdKtcgpMqi', 'full_name': 'Test User', 'role': 'staff', 'is_active': True, 'created_at': datetime.datetime(2026, 8, 13, 5, 47, 30, 273809), 'updated_at': datetime.datetime(2026, 8, 13, 5, 47, 30, 273845), 'last_login': None}
2026-08-13 08:47:30,277 - sqlalchemy.engine.Engine - INFO - COMMIT
2026-08-13 08:47:30,279 - sqlalchemy.engine.Engine - INFO - BEGIN (implicit)
2026-08-13 08:47:30,280 - sqlalchemy.engine.Engine - INFO - SELECT "user".id, "user".username, "user".email, "user".hashed_password, "user".full_name, "user".role, "user".is_active, "user".created_at, "user".updated_at, "user".last_login 
FROM "user" 
WHERE "user".id = %(pk_1)s
2026-08-13 08:47:30,280 - sqlalchemy.engine.Engine - INFO - [cached since 1.09s ago] {'pk_1': 20}
2026-08-13 08:47:30,284 - main - INFO - POST /register - Status: 200 - Time: 0.324s
2026-08-13 08:47:30,285 - sqlalchemy.engine.Engine - INFO - ROLLBACK
2026-08-13 08:47:30,287 - httpx - INFO - HTTP Request: POST http://testserver/register "HTTP/1.1 200 OK"
2026-08-13 08:47:30,292 - sqlalchemy.engine.Engine - INFO - BEGIN (implicit)
2026-08-13 08:47:30,292 - sqlalchemy.engine.Engine - INFO - SELECT "user".id, "user".username, "user".email, "user".hashed_password, "user".full_name, "user".role, "user".is_active, "user".created_at, "user".updated_at, "user".last_login 
FROM "user" 
WHERE "user".username = %(username_1)s
2026-08-13 08:47:30,292 - sqlalchemy.engine.Engine - INFO - [cached since 1.438s ago] {'username_1': 'testuserc5a7a5de'}
2026-08-13 08:47:30,581 - sqlalchemy.engine.Engine - INFO - ROLLBACK
2026-08-13 08:47:30,582 - main - INFO - POST /login - Status: 401 - Time: 0.294s
2026-08-13 08:47:30,583 - httpx - INFO - HTTP Request: POST http://testserver/login "HTTP/1.1 401 Unauthorized"
2026-08-13 08:47:30,591 - sqlalchemy.engine.Engine - INFO - BEGIN (implicit)
2026-08-13 08:47:30,595 - sqlalchemy.engine.Engine - INFO - SELECT pg_catalog.pg_class.relname 
FROM pg_catalog.pg_class JOIN pg_catalog.pg_namespace ON pg_catalog.pg_namespace.oid = pg_catalog.pg_class.relnamespace 
WHERE pg_catalog.pg_class.relname = %(table_name)s AND pg_catalog.pg_class.relkind = ANY (ARRAY[%(param_1)s, %(param_2)s, %(param_3)s, %(param_4)s, %(param_5)s]) AND pg_catalog.pg_table_is_visible(pg_catalog.pg_class.oid) AND pg_catalog.pg_namespace.nspname != %(nspname_1)s
2026-08-13 08:47:30,598 - sqlalchemy.engine.Engine - INFO - [cached since 1.783s ago] {'table_name': 'user', 'param_1': 'r', 'param_2': 'p', 'param_3': 'f', 'param_4': 'v', 'param_5': 'm', 'nspname_1': 'pg_catalog'}
2026-08-13 08:47:30,602 - sqlalchemy.engine.Engine - INFO - SELECT pg_catalog.pg_class.relname 
FROM pg_catalog.pg_class JOIN pg_catalog.pg_namespace ON pg_catalog.pg_namespace.oid = pg_catalog.pg_class.relnamespace 
WHERE pg_catalog.pg_class.relname = %(table_name)s AND pg_catalog.pg_class.relkind = ANY (ARRAY[%(param_1)s, %(param_2)s, %(param_3)s, %(param_4)s, %(param_5)s]) AND pg_catalog.pg_table_is_visible(pg_catalog.pg_class.oid) AND pg_catalog.pg_namespace.nspname != %(nspname_1)s
2026-08-13 08:47:30,602 - sqlalchemy.engine.Engine - INFO - [cached since 1.788s ago] {'table_name': 'document', 'param_1': 'r', 'param_2': 'p', 'param_3': 'f', 'param_4': 'v', 'param_5': 'm', 'nspname_1': 'pg_catalog'}
2026-08-13 08:47:30,605 - sqlalchemy.engine.Engine - INFO - COMMIT
2026-08-13 08:47:30,610 - main - INFO - GET /me - Status: 401 - Time: 0.001s
2026-08-13 08:47:30,611 - httpx - INFO - HTTP Request: GET http://testserver/me "HTTP/1.1 401 Unauthorized"
2026-08-13 08:47:30,619 - sqlalchemy.engine.Engine - INFO - BEGIN (implicit)
2026-08-13 08:47:30,619 - sqlalchemy.engine.Engine - INFO - SELECT pg_catalog.pg_class.relname 
FROM pg_catalog.pg_class JOIN pg_catalog.pg_namespace ON pg_catalog.pg_namespace.oid = pg_catalog.pg_class.relnamespace 
WHERE pg_catalog.pg_class.relname = %(table_name)s AND pg_catalog.pg_class.relkind = ANY (ARRAY[%(param_1)s, %(param_2)s, %(param_3)s, %(param_4)s, %(param_5)s]) AND pg_catalog.pg_table_is_visible(pg_catalog.pg_class.oid) AND pg_catalog.pg_namespace.nspname != %(nspname_1)s
2026-08-13 08:47:30,620 - sqlalchemy.engine.Engine - INFO - [cached since 1.805s ago] {'table_name': 'user', 'param_1': 'r', 'param_2': 'p', 'param_3': 'f', 'param_4': 'v', 'param_5': 'm', 'nspname_1': 'pg_catalog'}
2026-08-13 08:47:30,628 - sqlalchemy.engine.Engine - INFO - SELECT pg_catalog.pg_class.relname 
FROM pg_catalog.pg_class JOIN pg_catalog.pg_namespace ON pg_catalog.pg_namespace.oid = pg_catalog.pg_class.relnamespace 
WHERE pg_catalog.pg_class.relname = %(table_name)s AND pg_catalog.pg_class.relkind = ANY (ARRAY[%(param_1)s, %(param_2)s, %(param_3)s, %(param_4)s, %(param_5)s]) AND pg_catalog.pg_table_is_visible(pg_catalog.pg_class.oid) AND pg_catalog.pg_namespace.nspname != %(nspname_1)s
2026-08-13 08:47:30,628 - sqlalchemy.engine.Engine - INFO - [cached since 1.813s ago] {'table_name': 'document', 'param_1': 'r', 'param_2': 'p', 'param_3': 'f', 'param_4': 'v', 'param_5': 'm', 'nspname_1': 'pg_catalog'}
2026-08-13 08:47:30,630 - sqlalchemy.engine.Engine - INFO - COMMIT
2026-08-13 08:47:30,638 - sqlalchemy.engine.Engine - INFO - BEGIN (implicit)
2026-08-13 08:47:30,638 - sqlalchemy.engine.Engine - INFO - SELECT "user".id, "user".username, "user".email, "user".hashed_password, "user".full_name, "user".role, "user".is_active, "user".created_at, "user".updated_at, "user".last_login 
FROM "user" 
WHERE "user".username = %(username_1)s
2026-08-13 08:47:30,638 - sqlalchemy.engine.Engine - INFO - [cached since 1.784s ago] {'username_1': 'testuser64b885b8'}
2026-08-13 08:47:30,641 - sqlalchemy.engine.Engine - INFO - SELECT "user".id, "user".username, "user".email, "user".hashed_password, "user".full_name, "user".role, "user".is_active, "user".created_at, "user".updated_at, "user".last_login 
FROM "user" 
WHERE "user".email = %(email_1)s
2026-08-13 08:47:30,642 - sqlalchemy.engine.Engine - INFO - [cached since 1.782s ago] {'email_1': 'test64b885b8@example.com'}
2026-08-13 08:47:30,925 - sqlalchemy.engine.Engine - INFO - INSERT INTO "user" (username, email, hashed_password, full_name, role, is_active, created_at, updated_at, last_login) VALUES (%(username)s, %(email)s, %(hashed_password)s, %(full_name)s, %(role)s, %(is_active)s, %(created_at)s, %(updated_at)s, %(last_login)s) RETURNING "user".id
2026-08-13 08:47:30,925 - sqlalchemy.engine.Engine - INFO - [cached since 1.745s ago] {'username': 'testuser64b885b8', 'email': 'test64b885b8@example.com', 'hashed_password': '$2b$12$O1mmx8QX/cpzKmF2Q.YsQ.R6aO1NBEZQEyW8rXlEfkbP5Nbil0o0G', 'full_name': 'Test User', 'role': 'staff', 'is_active': True, 'created_at': datetime.datetime(2026, 8, 13, 5, 47, 30, 924213), 'updated_at': datetime.datetime(2026, 8, 13, 5, 47, 30, 924249), 'last_login': None}
2026-08-13 08:47:30,927 - sqlalchemy.engine.Engine - INFO - COMMIT
2026-08-13 08:47:30,929 - sqlalchemy.engine.Engine - INFO - BEGIN (implicit)
2026-08-13 08:47:30,930 - sqlalchemy.engine.Engine - INFO - SELECT "user".id, "user".username, "user".email, "user".hashed_password, "user".full_name, "user".role, "user".is_active, "user".created_at, "user".updated_at, "user".last_login 
FROM "user" 
WHERE "user".id = %(pk_1)s
2026-08-13 08:47:30,930 - sqlalchemy.engine.Engine - INFO - [cached since 1.739s ago] {'pk_1': 21}
2026-08-13 08:47:30,934 - main - INFO - POST /register - Status: 200 - Time: 0.299s
2026-08-13 08:47:30,935 - sqlalchemy.engine.Engine - INFO - ROLLBACK
2026-08-13 08:47:30,937 - httpx - INFO - HTTP Request: POST http://testserver/register "HTTP/1.1 200 OK"
2026-08-13 08:47:30,941 - sqlalchemy.engine.Engine - INFO - BEGIN (implicit)
2026-08-13 08:47:30,942 - sqlalchemy.engine.Engine - INFO - SELECT "user".id, "user".username, "user".email, "user".hashed_password, "user".full_name, "user".role, "user".is_active, "user".created_at, "user".updated_at, "user".last_login 
FROM "user" 
WHERE "user".username = %(username_1)s
2026-08-13 08:47:30,942 - sqlalchemy.engine.Engine - INFO - [cached since 2.088s ago] {'username_1': 'testuser64b885b8'}
2026-08-13 08:47:31,225 - sqlalchemy.engine.Engine - INFO - UPDATE "user" SET last_login=%(last_login)s WHERE "user".id = %(user_id)s
2026-08-13 08:47:31,225 - sqlalchemy.engine.Engine - INFO - [cached since 1.322s ago] {'last_login': datetime.datetime(2026, 8, 13, 5, 47, 31, 224882), 'user_id': 21}
2026-08-13 08:47:31,229 - sqlalchemy.engine.Engine - INFO - COMMIT
2026-08-13 08:47:31,231 - sqlalchemy.engine.Engine - INFO - BEGIN (implicit)
2026-08-13 08:47:31,233 - sqlalchemy.engine.Engine - INFO - SELECT "user".id AS user_id, "user".username AS user_username, "user".email AS user_email, "user".hashed_password AS user_hashed_password, "user".full_name AS user_full_name, "user".role AS user_role, "user".is_active AS user_is_active, "user".created_at AS user_created_at, "user".updated_at AS user_updated_at, "user".last_login AS user_last_login 
FROM "user" 
WHERE "user".id = %(pk_1)s
2026-08-13 08:47:31,233 - sqlalchemy.engine.Engine - INFO - [cached since 1.312s ago] {'pk_1': 21}
2026-08-13 08:47:31,238 - main - INFO - POST /login - Status: 200 - Time: 0.300s
2026-08-13 08:47:31,239 - sqlalchemy.engine.Engine - INFO - ROLLBACK
2026-08-13 08:47:31,241 - httpx - INFO - HTTP Request: POST http://testserver/login "HTTP/1.1 200 OK"
2026-08-13 08:47:31,246 - sqlalchemy.engine.Engine - INFO - BEGIN (implicit)
2026-08-13 08:47:31,247 - sqlalchemy.engine.Engine - INFO - SELECT "user".id, "user".username, "user".email, "user".hashed_password, "user".full_name, "user".role, "user".is_active, "user".created_at, "user".updated_at, "user".last_login 
FROM "user" 
WHERE "user".username = %(username_1)s
2026-08-13 08:47:31,247 - sqlalchemy.engine.Engine - INFO - [cached since 2.393s ago] {'username_1': 'testuser64b885b8'}
2026-08-13 08:47:31,252 - main - INFO - GET /me - Status: 200 - Time: 0.008s
2026-08-13 08:47:31,253 - sqlalchemy.engine.Engine - INFO - ROLLBACK
2026-08-13 08:47:31,255 - httpx - INFO - HTTP Request: GET http://testserver/me "HTTP/1.1 200 OK"
2026-08-13 08:47:31,266 - sqlalchemy.engine.Engine - INFO - BEGIN (implicit)
2026-08-13 08:47:31,266 - sqlalchemy.engine.Engine - INFO - SELECT pg_catalog.pg_class.relname 
FROM pg_catalog.pg_class JOIN pg_catalog.pg_namespace ON pg_catalog.pg_namespace.oid = pg_catalog.pg_class.relnamespace 
WHERE pg_catalog.pg_class.relname = %(table_name)s AND pg_catalog.pg_class.relkind = ANY (ARRAY[%(param_1)s, %(param_2)s, %(param_3)s, %(param_4)s, %(param_5)s]) AND pg_catalog.pg_table_is_visible(pg_catalog.pg_class.oid) AND pg_catalog.pg_namespace.nspname != %(nspname_1)s
2026-08-13 08:47:31,266 - sqlalchemy.engine.Engine - INFO - [cached since 2.452s ago] {'table_name': 'user', 'param_1': 'r', 'param_2': 'p', 'param_3': 'f', 'param_4': 'v', 'param_5': 'm', 'nspname_1': 'pg_catalog'}
2026-08-13 08:47:31,271 - sqlalchemy.engine.Engine - INFO - SELECT pg_catalog.pg_class.relname 
FROM pg_catalog.pg_class JOIN pg_catalog.pg_namespace ON pg_catalog.pg_namespace.oid = pg_catalog.pg_class.relnamespace 
WHERE pg_catalog.pg_class.relname = %(table_name)s AND pg_catalog.pg_class.relkind = ANY (ARRAY[%(param_1)s, %(param_2)s, %(param_3)s, %(param_4)s, %(param_5)s]) AND pg_catalog.pg_table_is_visible(pg_catalog.pg_class.oid) AND pg_catalog.pg_namespace.nspname != %(nspname_1)s
2026-08-13 08:47:31,271 - sqlalchemy.engine.Engine - INFO - [cached since 2.456s ago] {'table_name': 'document', 'param_1': 'r', 'param_2': 'p', 'param_3': 'f', 'param_4': 'v', 'param_5': 'm', 'nspname_1': 'pg_catalog'}
2026-08-13 08:47:31,273 - sqlalchemy.engine.Engine - INFO - COMMIT
2026-08-13 08:47:31,279 - sqlalchemy.engine.Engine - INFO - BEGIN (implicit)
2026-08-13 08:47:31,279 - sqlalchemy.engine.Engine - INFO - SELECT "user".id, "user".username, "user".email, "user".hashed_password, "user".full_name, "user".role, "user".is_active, "user".created_at, "user".updated_at, "user".last_login 
FROM "user" 
WHERE "user".username = %(username_1)s
2026-08-13 08:47:31,280 - sqlalchemy.engine.Engine - INFO - [cached since 2.426s ago] {'username_1': 'testuser1863445a'}
2026-08-13 08:47:31,285 - sqlalchemy.engine.Engine - INFO - SELECT "user".id, "user".username, "user".email, "user".hashed_password, "user".full_name, "user".role, "user".is_active, "user".created_at, "user".updated_at, "user".last_login 
FROM "user" 
WHERE "user".email = %(email_1)s
2026-08-13 08:47:31,285 - sqlalchemy.engine.Engine - INFO - [cached since 2.425s ago] {'email_1': 'test1863445a@example.com'}
2026-08-13 08:47:31,567 - sqlalchemy.engine.Engine - INFO - INSERT INTO "user" (username, email, hashed_password, full_name, role, is_active, created_at, updated_at, last_login) VALUES (%(username)s, %(email)s, %(hashed_password)s, %(full_name)s, %(role)s, %(is_active)s, %(created_at)s, %(updated_at)s, %(last_login)s) RETURNING "user".id
2026-08-13 08:47:31,568 - sqlalchemy.engine.Engine - INFO - [cached since 2.388s ago] {'username': 'testuser1863445a', 'email': 'test1863445a@example.com', 'hashed_password': '$2b$12$PL2Ucl5x5EmXM6ApYPVGLeA/dhzvqj5yfB3rKf5VlOeSBLXI2z3nO', 'full_name': 'Test User', 'role': 'staff', 'is_active': True, 'created_at': datetime.datetime(2026, 8, 13, 5, 47, 31, 566934), 'updated_at': datetime.datetime(2026, 8, 13, 5, 47, 31, 566972), 'last_login': None}
2026-08-13 08:47:31,570 - sqlalchemy.engine.Engine - INFO - COMMIT
2026-08-13 08:47:31,573 - sqlalchemy.engine.Engine - INFO - BEGIN (implicit)
2026-08-13 08:47:31,573 - sqlalchemy.engine.Engine - INFO - SELECT "user".id, "user".username, "user".email, "user".hashed_password, "user".full_name, "user".role, "user".is_active, "user".created_at, "user".updated_at, "user".last_login 
FROM "user" 
WHERE "user".id = %(pk_1)s
2026-08-13 08:47:31,573 - sqlalchemy.engine.Engine - INFO - [cached since 2.383s ago] {'pk_1': 22}
2026-08-13 08:47:31,577 - main - INFO - POST /register - Status: 200 - Time: 0.301s
2026-08-13 08:47:31,578 - sqlalchemy.engine.Engine - INFO - ROLLBACK
2026-08-13 08:47:31,580 - httpx - INFO - HTTP Request: POST http://testserver/register "HTTP/1.1 200 OK"
2026-08-13 08:47:31,585 - sqlalchemy.engine.Engine - INFO - BEGIN (implicit)
2026-08-13 08:47:31,585 - sqlalchemy.engine.Engine - INFO - SELECT "user".id, "user".username, "user".email, "user".hashed_password, "user".full_name, "user".role, "user".is_active, "user".created_at, "user".updated_at, "user".last_login 
FROM "user" 
WHERE "user".username = %(username_1)s
2026-08-13 08:47:31,585 - sqlalchemy.engine.Engine - INFO - [cached since 2.731s ago] {'username_1': 'testuser1863445a'}
2026-08-13 08:47:31,870 - sqlalchemy.engine.Engine - INFO - UPDATE "user" SET last_login=%(last_login)s WHERE "user".id = %(user_id)s
2026-08-13 08:47:31,870 - sqlalchemy.engine.Engine - INFO - [cached since 1.967s ago] {'last_login': datetime.datetime(2026, 8, 13, 5, 47, 31, 869876), 'user_id': 22}
2026-08-13 08:47:31,873 - sqlalchemy.engine.Engine - INFO - COMMIT
2026-08-13 08:47:31,875 - sqlalchemy.engine.Engine - INFO - BEGIN (implicit)
2026-08-13 08:47:31,876 - sqlalchemy.engine.Engine - INFO - SELECT "user".id AS user_id, "user".username AS user_username, "user".email AS user_email, "user".hashed_password AS user_hashed_password, "user".full_name AS user_full_name, "user".role AS user_role, "user".is_active AS user_is_active, "user".created_at AS user_created_at, "user".updated_at AS user_updated_at, "user".last_login AS user_last_login 
FROM "user" 
WHERE "user".id = %(pk_1)s
2026-08-13 08:47:31,876 - sqlalchemy.engine.Engine - INFO - [cached since 1.956s ago] {'pk_1': 22}
2026-08-13 08:47:31,880 - main - INFO - POST /login - Status: 200 - Time: 0.299s
2026-08-13 08:47:31,881 - sqlalchemy.engine.Engine - INFO - ROLLBACK
2026-08-13 08:47:31,883 - httpx - INFO - HTTP Request: POST http://testserver/login "HTTP/1.1 200 OK"
2026-08-13 08:47:31,889 - sqlalchemy.engine.Engine - INFO - BEGIN (implicit)
2026-08-13 08:47:31,889 - sqlalchemy.engine.Engine - INFO - SELECT "user".id, "user".username, "user".email, "user".hashed_password, "user".full_name, "user".role, "user".is_active, "user".created_at, "user".updated_at, "user".last_login 
FROM "user" 
WHERE "user".username = %(username_1)s
2026-08-13 08:47:31,890 - sqlalchemy.engine.Engine - INFO - [cached since 3.035s ago] {'username_1': 'testuser1863445a'}
2026-08-13 08:47:31,897 - sqlalchemy.engine.Engine - INFO - SELECT document.id, document.filename, document.original_filename, document.file_size, document.file_type, document.status, document.city, document.country, document.weather_data, document.weather_fetched_at, document.description, document.uploader_id, document.uploaded_at, document.updated_at, document.file_path, document.version 
FROM document 
WHERE document.uploader_id = %(uploader_id_1)s
2026-08-13 08:47:31,897 - sqlalchemy.engine.Engine - INFO - [generated in 0.00041s] {'uploader_id_1': 22}
2026-08-13 08:47:31,900 - main - INFO - GET /documents - Status: 200 - Time: 0.014s
2026-08-13 08:47:31,901 - sqlalchemy.engine.Engine - INFO - ROLLBACK
2026-08-13 08:47:31,903 - httpx - INFO - HTTP Request: GET http://testserver/documents "HTTP/1.1 200 OK"
2026-08-13 08:47:31,910 - sqlalchemy.engine.Engine - INFO - BEGIN (implicit)
2026-08-13 08:47:31,911 - sqlalchemy.engine.Engine - INFO - SELECT pg_catalog.pg_class.relname 
FROM pg_catalog.pg_class JOIN pg_catalog.pg_namespace ON pg_catalog.pg_namespace.oid = pg_catalog.pg_class.relnamespace 
WHERE pg_catalog.pg_class.relname = %(table_name)s AND pg_catalog.pg_class.relkind = ANY (ARRAY[%(param_1)s, %(param_2)s, %(param_3)s, %(param_4)s, %(param_5)s]) AND pg_catalog.pg_table_is_visible(pg_catalog.pg_class.oid) AND pg_catalog.pg_namespace.nspname != %(nspname_1)s
2026-08-13 08:47:31,911 - sqlalchemy.engine.Engine - INFO - [cached since 3.097s ago] {'table_name': 'user', 'param_1': 'r', 'param_2': 'p', 'param_3': 'f', 'param_4': 'v', 'param_5': 'm', 'nspname_1': 'pg_catalog'}
2026-08-13 08:47:31,915 - sqlalchemy.engine.Engine - INFO - SELECT pg_catalog.pg_class.relname 
FROM pg_catalog.pg_class JOIN pg_catalog.pg_namespace ON pg_catalog.pg_namespace.oid = pg_catalog.pg_class.relnamespace 
WHERE pg_catalog.pg_class.relname = %(table_name)s AND pg_catalog.pg_class.relkind = ANY (ARRAY[%(param_1)s, %(param_2)s, %(param_3)s, %(param_4)s, %(param_5)s]) AND pg_catalog.pg_table_is_visible(pg_catalog.pg_class.oid) AND pg_catalog.pg_namespace.nspname != %(nspname_1)s
2026-08-13 08:47:31,915 - sqlalchemy.engine.Engine - INFO - [cached since 3.101s ago] {'table_name': 'document', 'param_1': 'r', 'param_2': 'p', 'param_3': 'f', 'param_4': 'v', 'param_5': 'm', 'nspname_1': 'pg_catalog'}
2026-08-13 08:47:31,918 - sqlalchemy.engine.Engine - INFO - COMMIT
2026-08-13 08:47:31,925 - sqlalchemy.engine.Engine - INFO - BEGIN (implicit)
2026-08-13 08:47:31,926 - sqlalchemy.engine.Engine - INFO - SELECT "user".id, "user".username, "user".email, "user".hashed_password, "user".full_name, "user".role, "user".is_active, "user".created_at, "user".updated_at, "user".last_login 
FROM "user" 
WHERE "user".username = %(username_1)s
2026-08-13 08:47:31,926 - sqlalchemy.engine.Engine - INFO - [cached since 3.072s ago] {'username_1': 'testuser2d6e3d8b'}
2026-08-13 08:47:31,929 - sqlalchemy.engine.Engine - INFO - SELECT "user".id, "user".username, "user".email, "user".hashed_password, "user".full_name, "user".role, "user".is_active, "user".created_at, "user".updated_at, "user".last_login 
FROM "user" 
WHERE "user".email = %(email_1)s
2026-08-13 08:47:31,929 - sqlalchemy.engine.Engine - INFO - [cached since 3.07s ago] {'email_1': 'test2d6e3d8b@example.com'}
2026-08-13 08:47:32,235 - sqlalchemy.engine.Engine - INFO - INSERT INTO "user" (username, email, hashed_password, full_name, role, is_active, created_at, updated_at, last_login) VALUES (%(username)s, %(email)s, %(hashed_password)s, %(full_name)s, %(role)s, %(is_active)s, %(created_at)s, %(updated_at)s, %(last_login)s) RETURNING "user".id
2026-08-13 08:47:32,235 - sqlalchemy.engine.Engine - INFO - [cached since 3.055s ago] {'username': 'testuser2d6e3d8b', 'email': 'test2d6e3d8b@example.com', 'hashed_password': '$2b$12$zHFpQKhIBylLZSGqmSdsv.q211xm8XkrzYA2APvOnjMXZL.Z8qY1m', 'full_name': 'Test User', 'role': 'staff', 'is_active': True, 'created_at': datetime.datetime(2026, 8, 13, 5, 47, 32, 234053), 'updated_at': datetime.datetime(2026, 8, 13, 5, 47, 32, 234099), 'last_login': None}
2026-08-13 08:47:32,237 - sqlalchemy.engine.Engine - INFO - COMMIT
2026-08-13 08:47:32,240 - sqlalchemy.engine.Engine - INFO - BEGIN (implicit)
2026-08-13 08:47:32,240 - sqlalchemy.engine.Engine - INFO - SELECT "user".id, "user".username, "user".email, "user".hashed_password, "user".full_name, "user".role, "user".is_active, "user".created_at, "user".updated_at, "user".last_login 
FROM "user" 
WHERE "user".id = %(pk_1)s
2026-08-13 08:47:32,241 - sqlalchemy.engine.Engine - INFO - [cached since 3.05s ago] {'pk_1': 23}
2026-08-13 08:47:32,244 - main - INFO - POST /register - Status: 200 - Time: 0.323s
2026-08-13 08:47:32,245 - sqlalchemy.engine.Engine - INFO - ROLLBACK
2026-08-13 08:47:32,247 - httpx - INFO - HTTP Request: POST http://testserver/register "HTTP/1.1 200 OK"
2026-08-13 08:47:32,253 - sqlalchemy.engine.Engine - INFO - BEGIN (implicit)
2026-08-13 08:47:32,254 - sqlalchemy.engine.Engine - INFO - SELECT "user".id, "user".username, "user".email, "user".hashed_password, "user".full_name, "user".role, "user".is_active, "user".created_at, "user".updated_at, "user".last_login 
FROM "user" 
WHERE "user".username = %(username_1)s
2026-08-13 08:47:32,254 - sqlalchemy.engine.Engine - INFO - [cached since 3.4s ago] {'username_1': 'testuser2d6e3d8b'}
2026-08-13 08:47:32,561 - sqlalchemy.engine.Engine - INFO - UPDATE "user" SET last_login=%(last_login)s WHERE "user".id = %(user_id)s
2026-08-13 08:47:32,561 - sqlalchemy.engine.Engine - INFO - [cached since 2.658s ago] {'last_login': datetime.datetime(2026, 8, 13, 5, 47, 32, 559619), 'user_id': 23}
2026-08-13 08:47:32,564 - sqlalchemy.engine.Engine - INFO - COMMIT
2026-08-13 08:47:32,572 - sqlalchemy.engine.Engine - INFO - BEGIN (implicit)
2026-08-13 08:47:32,576 - sqlalchemy.engine.Engine - INFO - SELECT "user".id AS user_id, "user".username AS user_username, "user".email AS user_email, "user".hashed_password AS user_hashed_password, "user".full_name AS user_full_name, "user".role AS user_role, "user".is_active AS user_is_active, "user".created_at AS user_created_at, "user".updated_at AS user_updated_at, "user".last_login AS user_last_login 
FROM "user" 
WHERE "user".id = %(pk_1)s
2026-08-13 08:47:32,576 - sqlalchemy.engine.Engine - INFO - [cached since 2.656s ago] {'pk_1': 23}
2026-08-13 08:47:32,580 - main - INFO - POST /login - Status: 200 - Time: 0.331s
2026-08-13 08:47:32,581 - sqlalchemy.engine.Engine - INFO - ROLLBACK
2026-08-13 08:47:32,583 - httpx - INFO - HTTP Request: POST http://testserver/login "HTTP/1.1 200 OK"
2026-08-13 08:47:32,590 - sqlalchemy.engine.Engine - INFO - BEGIN (implicit)
2026-08-13 08:47:32,591 - sqlalchemy.engine.Engine - INFO - SELECT "user".id, "user".username, "user".email, "user".hashed_password, "user".full_name, "user".role, "user".is_active, "user".created_at, "user".updated_at, "user".last_login 
FROM "user" 
WHERE "user".username = %(username_1)s
2026-08-13 08:47:32,591 - sqlalchemy.engine.Engine - INFO - [cached since 3.737s ago] {'username_1': 'testuser2d6e3d8b'}
2026-08-13 08:47:32,598 - sqlalchemy.engine.Engine - INFO - SELECT document.id, document.filename, document.original_filename, document.file_size, document.file_type, document.status, document.city, document.country, document.weather_data, document.weather_fetched_at, document.description, document.uploader_id, document.uploaded_at, document.updated_at, document.file_path, document.version 
FROM document 
WHERE document.uploader_id = %(uploader_id_1)s AND (document.original_filename LIKE '%%' || %(original_filename_1)s || '%%')
2026-08-13 08:47:32,598 - sqlalchemy.engine.Engine - INFO - [generated in 0.00065s] {'uploader_id_1': 23, 'original_filename_1': 'test'}
2026-08-13 08:47:32,603 - main - INFO - GET /documents/search - Status: 200 - Time: 0.016s
2026-08-13 08:47:32,603 - sqlalchemy.engine.Engine - INFO - ROLLBACK
2026-08-13 08:47:32,606 - httpx - INFO - HTTP Request: GET http://testserver/documents/search?q=test "HTTP/1.1 200 OK"
2026-08-13 08:47:32,615 - sqlalchemy.engine.Engine - INFO - BEGIN (implicit)
2026-08-13 08:47:32,615 - sqlalchemy.engine.Engine - INFO - SELECT pg_catalog.pg_class.relname 
FROM pg_catalog.pg_class JOIN pg_catalog.pg_namespace ON pg_catalog.pg_namespace.oid = pg_catalog.pg_class.relnamespace 
WHERE pg_catalog.pg_class.relname = %(table_name)s AND pg_catalog.pg_class.relkind = ANY (ARRAY[%(param_1)s, %(param_2)s, %(param_3)s, %(param_4)s, %(param_5)s]) AND pg_catalog.pg_table_is_visible(pg_catalog.pg_class.oid) AND pg_catalog.pg_namespace.nspname != %(nspname_1)s
2026-08-13 08:47:32,616 - sqlalchemy.engine.Engine - INFO - [cached since 3.801s ago] {'table_name': 'user', 'param_1': 'r', 'param_2': 'p', 'param_3': 'f', 'param_4': 'v', 'param_5': 'm', 'nspname_1': 'pg_catalog'}
2026-08-13 08:47:32,622 - sqlalchemy.engine.Engine - INFO - SELECT pg_catalog.pg_class.relname 
FROM pg_catalog.pg_class JOIN pg_catalog.pg_namespace ON pg_catalog.pg_namespace.oid = pg_catalog.pg_class.relnamespace 
WHERE pg_catalog.pg_class.relname = %(table_name)s AND pg_catalog.pg_class.relkind = ANY (ARRAY[%(param_1)s, %(param_2)s, %(param_3)s, %(param_4)s, %(param_5)s]) AND pg_catalog.pg_table_is_visible(pg_catalog.pg_class.oid) AND pg_catalog.pg_namespace.nspname != %(nspname_1)s
2026-08-13 08:47:32,622 - sqlalchemy.engine.Engine - INFO - [cached since 3.808s ago] {'table_name': 'document', 'param_1': 'r', 'param_2': 'p', 'param_3': 'f', 'param_4': 'v', 'param_5': 'm', 'nspname_1': 'pg_catalog'}
2026-08-13 08:47:32,625 - sqlalchemy.engine.Engine - INFO - COMMIT
2026-08-13 08:47:32,633 - sqlalchemy.engine.Engine - INFO - BEGIN (implicit)
2026-08-13 08:47:32,634 - sqlalchemy.engine.Engine - INFO - SELECT "user".id, "user".username, "user".email, "user".hashed_password, "user".full_name, "user".role, "user".is_active, "user".created_at, "user".updated_at, "user".last_login 
FROM "user" 
WHERE "user".username = %(username_1)s
2026-08-13 08:47:32,634 - sqlalchemy.engine.Engine - INFO - [cached since 3.78s ago] {'username_1': 'testuseraed49728'}
2026-08-13 08:47:32,637 - sqlalchemy.engine.Engine - INFO - SELECT "user".id, "user".username, "user".email, "user".hashed_password, "user".full_name, "user".role, "user".is_active, "user".created_at, "user".updated_at, "user".last_login 
FROM "user" 
WHERE "user".email = %(email_1)s
2026-08-13 08:47:32,638 - sqlalchemy.engine.Engine - INFO - [cached since 3.778s ago] {'email_1': 'testaed49728@example.com'}
2026-08-13 08:47:32,947 - sqlalchemy.engine.Engine - INFO - INSERT INTO "user" (username, email, hashed_password, full_name, role, is_active, created_at, updated_at, last_login) VALUES (%(username)s, %(email)s, %(hashed_password)s, %(full_name)s, %(role)s, %(is_active)s, %(created_at)s, %(updated_at)s, %(last_login)s) RETURNING "user".id
2026-08-13 08:47:32,947 - sqlalchemy.engine.Engine - INFO - [cached since 3.768s ago] {'username': 'testuseraed49728', 'email': 'testaed49728@example.com', 'hashed_password': '$2b$12$314Vlhil6AHpSRHIrcPXGeVHaj1XYoY0hexAxtK3lwGtroYLjqLFe', 'full_name': 'Test User', 'role': 'staff', 'is_active': True, 'created_at': datetime.datetime(2026, 8, 13, 5, 47, 32, 946514), 'updated_at': datetime.datetime(2026, 8, 13, 5, 47, 32, 946566), 'last_login': None}
2026-08-13 08:47:32,950 - sqlalchemy.engine.Engine - INFO - COMMIT
2026-08-13 08:47:32,953 - sqlalchemy.engine.Engine - INFO - BEGIN (implicit)
2026-08-13 08:47:32,954 - sqlalchemy.engine.Engine - INFO - SELECT "user".id, "user".username, "user".email, "user".hashed_password, "user".full_name, "user".role, "user".is_active, "user".created_at, "user".updated_at, "user".last_login 
FROM "user" 
WHERE "user".id = %(pk_1)s
2026-08-13 08:47:32,954 - sqlalchemy.engine.Engine - INFO - [cached since 3.764s ago] {'pk_1': 24}
2026-08-13 08:47:32,958 - main - INFO - POST /register - Status: 200 - Time: 0.329s
2026-08-13 08:47:32,959 - sqlalchemy.engine.Engine - INFO - ROLLBACK
2026-08-13 08:47:32,962 - httpx - INFO - HTTP Request: POST http://testserver/register "HTTP/1.1 200 OK"
2026-08-13 08:47:32,967 - sqlalchemy.engine.Engine - INFO - BEGIN (implicit)
2026-08-13 08:47:32,968 - sqlalchemy.engine.Engine - INFO - SELECT "user".id, "user".username, "user".email, "user".hashed_password, "user".full_name, "user".role, "user".is_active, "user".created_at, "user".updated_at, "user".last_login 
FROM "user" 
WHERE "user".username = %(username_1)s
2026-08-13 08:47:32,969 - sqlalchemy.engine.Engine - INFO - [cached since 4.115s ago] {'username_1': 'testuseraed49728'}
2026-08-13 08:47:33,274 - sqlalchemy.engine.Engine - INFO - UPDATE "user" SET last_login=%(last_login)s WHERE "user".id = %(user_id)s
2026-08-13 08:47:33,274 - sqlalchemy.engine.Engine - INFO - [cached since 3.371s ago] {'last_login': datetime.datetime(2026, 8, 13, 5, 47, 33, 273250), 'user_id': 24}
2026-08-13 08:47:33,277 - sqlalchemy.engine.Engine - INFO - COMMIT
2026-08-13 08:47:33,280 - sqlalchemy.engine.Engine - INFO - BEGIN (implicit)
2026-08-13 08:47:33,281 - sqlalchemy.engine.Engine - INFO - SELECT "user".id AS user_id, "user".username AS user_username, "user".email AS user_email, "user".hashed_password AS user_hashed_password, "user".full_name AS user_full_name, "user".role AS user_role, "user".is_active AS user_is_active, "user".created_at AS user_created_at, "user".updated_at AS user_updated_at, "user".last_login AS user_last_login 
FROM "user" 
WHERE "user".id = %(pk_1)s
2026-08-13 08:47:33,282 - sqlalchemy.engine.Engine - INFO - [cached since 3.361s ago] {'pk_1': 24}
2026-08-13 08:47:33,287 - main - INFO - POST /login - Status: 200 - Time: 0.323s
2026-08-13 08:47:33,288 - sqlalchemy.engine.Engine - INFO - ROLLBACK
2026-08-13 08:47:33,290 - httpx - INFO - HTTP Request: POST http://testserver/login "HTTP/1.1 200 OK"
2026-08-13 08:47:33,298 - sqlalchemy.engine.Engine - INFO - BEGIN (implicit)
2026-08-13 08:47:33,299 - sqlalchemy.engine.Engine - INFO - SELECT "user".id, "user".username, "user".email, "user".hashed_password, "user".full_name, "user".role, "user".is_active, "user".created_at, "user".updated_at, "user".last_login 
FROM "user" 
WHERE "user".username = %(username_1)s
2026-08-13 08:47:33,299 - sqlalchemy.engine.Engine - INFO - [cached since 4.445s ago] {'username_1': 'testuseraed49728'}
2026-08-13 08:47:33,307 - sqlalchemy.engine.Engine - INFO - SELECT document.id AS document_id, document.filename AS document_filename, document.original_filename AS document_original_filename, document.file_size AS document_file_size, document.file_type AS document_file_type, document.status AS document_status, document.city AS document_city, document.country AS document_country, document.weather_data AS document_weather_data, document.weather_fetched_at AS document_weather_fetched_at, document.description AS document_description, document.uploader_id AS document_uploader_id, document.uploaded_at AS document_uploaded_at, document.updated_at AS document_updated_at, document.file_path AS document_file_path, document.version AS document_version 
FROM document 
WHERE document.id = %(pk_1)s
2026-08-13 08:47:33,307 - sqlalchemy.engine.Engine - INFO - [generated in 0.00066s] {'pk_1': 999999}
2026-08-13 08:47:33,311 - sqlalchemy.engine.Engine - INFO - ROLLBACK
2026-08-13 08:47:33,313 - main - INFO - GET /documents/999999 - Status: 404 - Time: 0.019s
2026-08-13 08:47:33,314 - httpx - INFO - HTTP Request: GET http://testserver/documents/999999 "HTTP/1.1 404 Not Found"
2026-08-13 08:47:33,334 - sqlalchemy.engine.Engine - INFO - BEGIN (implicit)
2026-08-13 08:47:33,336 - sqlalchemy.engine.Engine - INFO - SELECT pg_catalog.pg_class.relname 
FROM pg_catalog.pg_class JOIN pg_catalog.pg_namespace ON pg_catalog.pg_namespace.oid = pg_catalog.pg_class.relnamespace 
WHERE pg_catalog.pg_class.relname = %(table_name)s AND pg_catalog.pg_class.relkind = ANY (ARRAY[%(param_1)s, %(param_2)s, %(param_3)s, %(param_4)s, %(param_5)s]) AND pg_catalog.pg_table_is_visible(pg_catalog.pg_class.oid) AND pg_catalog.pg_namespace.nspname != %(nspname_1)s
2026-08-13 08:47:33,336 - sqlalchemy.engine.Engine - INFO - [cached since 4.522s ago] {'table_name': 'user', 'param_1': 'r', 'param_2': 'p', 'param_3': 'f', 'param_4': 'v', 'param_5': 'm', 'nspname_1': 'pg_catalog'}
2026-08-13 08:47:33,340 - sqlalchemy.engine.Engine - INFO - SELECT pg_catalog.pg_class.relname 
FROM pg_catalog.pg_class JOIN pg_catalog.pg_namespace ON pg_catalog.pg_namespace.oid = pg_catalog.pg_class.relnamespace 
WHERE pg_catalog.pg_class.relname = %(table_name)s AND pg_catalog.pg_class.relkind = ANY (ARRAY[%(param_1)s, %(param_2)s, %(param_3)s, %(param_4)s, %(param_5)s]) AND pg_catalog.pg_table_is_visible(pg_catalog.pg_class.oid) AND pg_catalog.pg_namespace.nspname != %(nspname_1)s
2026-08-13 08:47:33,341 - sqlalchemy.engine.Engine - INFO - [cached since 4.526s ago] {'table_name': 'document', 'param_1': 'r', 'param_2': 'p', 'param_3': 'f', 'param_4': 'v', 'param_5': 'm', 'nspname_1': 'pg_catalog'}
2026-08-13 08:47:33,343 - sqlalchemy.engine.Engine - INFO - COMMIT
2026-08-13 08:47:33,354 - sqlalchemy.engine.Engine - INFO - BEGIN (implicit)
2026-08-13 08:47:33,355 - sqlalchemy.engine.Engine - INFO - SELECT "user".id, "user".username, "user".email, "user".hashed_password, "user".full_name, "user".role, "user".is_active, "user".created_at, "user".updated_at, "user".last_login 
FROM "user" 
WHERE "user".username = %(username_1)s
2026-08-13 08:47:33,355 - sqlalchemy.engine.Engine - INFO - [cached since 4.501s ago] {'username_1': 'testuser3a0ce007'}
2026-08-13 08:47:33,359 - sqlalchemy.engine.Engine - INFO - SELECT "user".id, "user".username, "user".email, "user".hashed_password, "user".full_name, "user".role, "user".is_active, "user".created_at, "user".updated_at, "user".last_login 
FROM "user" 
WHERE "user".email = %(email_1)s
2026-08-13 08:47:33,359 - sqlalchemy.engine.Engine - INFO - [cached since 4.5s ago] {'email_1': 'test3a0ce007@example.com'}
2026-08-13 08:47:33,653 - sqlalchemy.engine.Engine - INFO - INSERT INTO "user" (username, email, hashed_password, full_name, role, is_active, created_at, updated_at, last_login) VALUES (%(username)s, %(email)s, %(hashed_password)s, %(full_name)s, %(role)s, %(is_active)s, %(created_at)s, %(updated_at)s, %(last_login)s) RETURNING "user".id
2026-08-13 08:47:33,654 - sqlalchemy.engine.Engine - INFO - [cached since 4.474s ago] {'username': 'testuser3a0ce007', 'email': 'test3a0ce007@example.com', 'hashed_password': '$2b$12$trKrRp02jfP1L5rL3BOpCepbuMcbyxVo8u2ifvQuR5Zeyb5nBQLB2', 'full_name': 'Test User', 'role': 'staff', 'is_active': True, 'created_at': datetime.datetime(2026, 8, 13, 5, 47, 33, 652880), 'updated_at': datetime.datetime(2026, 8, 13, 5, 47, 33, 652929), 'last_login': None}
2026-08-13 08:47:33,656 - sqlalchemy.engine.Engine - INFO - COMMIT
2026-08-13 08:47:33,658 - sqlalchemy.engine.Engine - INFO - BEGIN (implicit)
2026-08-13 08:47:33,659 - sqlalchemy.engine.Engine - INFO - SELECT "user".id, "user".username, "user".email, "user".hashed_password, "user".full_name, "user".role, "user".is_active, "user".created_at, "user".updated_at, "user".last_login 
FROM "user" 
WHERE "user".id = %(pk_1)s
2026-08-13 08:47:33,659 - sqlalchemy.engine.Engine - INFO - [cached since 4.468s ago] {'pk_1': 25}
2026-08-13 08:47:33,663 - main - INFO - POST /register - Status: 200 - Time: 0.313s
2026-08-13 08:47:33,663 - sqlalchemy.engine.Engine - INFO - ROLLBACK
2026-08-13 08:47:33,665 - httpx - INFO - HTTP Request: POST http://testserver/register "HTTP/1.1 200 OK"
2026-08-13 08:47:33,671 - sqlalchemy.engine.Engine - INFO - BEGIN (implicit)
2026-08-13 08:47:33,671 - sqlalchemy.engine.Engine - INFO - SELECT "user".id, "user".username, "user".email, "user".hashed_password, "user".full_name, "user".role, "user".is_active, "user".created_at, "user".updated_at, "user".last_login 
FROM "user" 
WHERE "user".username = %(username_1)s
2026-08-13 08:47:33,671 - sqlalchemy.engine.Engine - INFO - [cached since 4.817s ago] {'username_1': 'testuser3a0ce007'}
2026-08-13 08:47:33,952 - sqlalchemy.engine.Engine - INFO - UPDATE "user" SET last_login=%(last_login)s WHERE "user".id = %(user_id)s
2026-08-13 08:47:33,953 - sqlalchemy.engine.Engine - INFO - [cached since 4.05s ago] {'last_login': datetime.datetime(2026, 8, 13, 5, 47, 33, 952236), 'user_id': 25}
2026-08-13 08:47:33,955 - sqlalchemy.engine.Engine - INFO - COMMIT
2026-08-13 08:47:33,957 - sqlalchemy.engine.Engine - INFO - BEGIN (implicit)
2026-08-13 08:47:33,958 - sqlalchemy.engine.Engine - INFO - SELECT "user".id AS user_id, "user".username AS user_username, "user".email AS user_email, "user".hashed_password AS user_hashed_password, "user".full_name AS user_full_name, "user".role AS user_role, "user".is_active AS user_is_active, "user".created_at AS user_created_at, "user".updated_at AS user_updated_at, "user".last_login AS user_last_login 
FROM "user" 
WHERE "user".id = %(pk_1)s
2026-08-13 08:47:33,958 - sqlalchemy.engine.Engine - INFO - [cached since 4.037s ago] {'pk_1': 25}
2026-08-13 08:47:33,961 - main - INFO - POST /login - Status: 200 - Time: 0.294s
2026-08-13 08:47:33,962 - sqlalchemy.engine.Engine - INFO - ROLLBACK
2026-08-13 08:47:33,964 - httpx - INFO - HTTP Request: POST http://testserver/login "HTTP/1.1 200 OK"
2026-08-13 08:47:33,970 - sqlalchemy.engine.Engine - INFO - BEGIN (implicit)
2026-08-13 08:47:33,970 - sqlalchemy.engine.Engine - INFO - SELECT "user".id, "user".username, "user".email, "user".hashed_password, "user".full_name, "user".role, "user".is_active, "user".created_at, "user".updated_at, "user".last_login 
FROM "user" 
WHERE "user".username = %(username_1)s
2026-08-13 08:47:33,971 - sqlalchemy.engine.Engine - INFO - [cached since 5.117s ago] {'username_1': 'testuser3a0ce007'}
2026-08-13 08:47:33,974 - sqlalchemy.engine.Engine - INFO - SELECT document.id AS document_id, document.filename AS document_filename, document.original_filename AS document_original_filename, document.file_size AS document_file_size, document.file_type AS document_file_type, document.status AS document_status, document.city AS document_city, document.country AS document_country, document.weather_data AS document_weather_data, document.weather_fetched_at AS document_weather_fetched_at, document.description AS document_description, document.uploader_id AS document_uploader_id, document.uploaded_at AS document_uploaded_at, document.updated_at AS document_updated_at, document.file_path AS document_file_path, document.version AS document_version 
FROM document 
WHERE document.id = %(pk_1)s
2026-08-13 08:47:33,975 - sqlalchemy.engine.Engine - INFO - [cached since 0.668s ago] {'pk_1': 999999}
2026-08-13 08:47:33,978 - sqlalchemy.engine.Engine - INFO - ROLLBACK
2026-08-13 08:47:33,979 - main - INFO - PUT /documents/999999 - Status: 404 - Time: 0.013s
2026-08-13 08:47:33,980 - httpx - INFO - HTTP Request: PUT http://testserver/documents/999999 "HTTP/1.1 404 Not Found"
2026-08-13 08:47:33,987 - sqlalchemy.engine.Engine - INFO - BEGIN (implicit)
2026-08-13 08:47:33,988 - sqlalchemy.engine.Engine - INFO - SELECT pg_catalog.pg_class.relname 
FROM pg_catalog.pg_class JOIN pg_catalog.pg_namespace ON pg_catalog.pg_namespace.oid = pg_catalog.pg_class.relnamespace 
WHERE pg_catalog.pg_class.relname = %(table_name)s AND pg_catalog.pg_class.relkind = ANY (ARRAY[%(param_1)s, %(param_2)s, %(param_3)s, %(param_4)s, %(param_5)s]) AND pg_catalog.pg_table_is_visible(pg_catalog.pg_class.oid) AND pg_catalog.pg_namespace.nspname != %(nspname_1)s
2026-08-13 08:47:33,988 - sqlalchemy.engine.Engine - INFO - [cached since 5.174s ago] {'table_name': 'user', 'param_1': 'r', 'param_2': 'p', 'param_3': 'f', 'param_4': 'v', 'param_5': 'm', 'nspname_1': 'pg_catalog'}
2026-08-13 08:47:33,993 - sqlalchemy.engine.Engine - INFO - SELECT pg_catalog.pg_class.relname 
FROM pg_catalog.pg_class JOIN pg_catalog.pg_namespace ON pg_catalog.pg_namespace.oid = pg_catalog.pg_class.relnamespace 
WHERE pg_catalog.pg_class.relname = %(table_name)s AND pg_catalog.pg_class.relkind = ANY (ARRAY[%(param_1)s, %(param_2)s, %(param_3)s, %(param_4)s, %(param_5)s]) AND pg_catalog.pg_table_is_visible(pg_catalog.pg_class.oid) AND pg_catalog.pg_namespace.nspname != %(nspname_1)s
2026-08-13 08:47:33,995 - sqlalchemy.engine.Engine - INFO - [cached since 5.18s ago] {'table_name': 'document', 'param_1': 'r', 'param_2': 'p', 'param_3': 'f', 'param_4': 'v', 'param_5': 'm', 'nspname_1': 'pg_catalog'}
2026-08-13 08:47:33,998 - sqlalchemy.engine.Engine - INFO - COMMIT
2026-08-13 08:47:34,005 - sqlalchemy.engine.Engine - INFO - BEGIN (implicit)
2026-08-13 08:47:34,005 - sqlalchemy.engine.Engine - INFO - SELECT "user".id, "user".username, "user".email, "user".hashed_password, "user".full_name, "user".role, "user".is_active, "user".created_at, "user".updated_at, "user".last_login 
FROM "user" 
WHERE "user".username = %(username_1)s
2026-08-13 08:47:34,006 - sqlalchemy.engine.Engine - INFO - [cached since 5.152s ago] {'username_1': 'testuser9d6b76f2'}
2026-08-13 08:47:34,008 - sqlalchemy.engine.Engine - INFO - SELECT "user".id, "user".username, "user".email, "user".hashed_password, "user".full_name, "user".role, "user".is_active, "user".created_at, "user".updated_at, "user".last_login 
FROM "user" 
WHERE "user".email = %(email_1)s
2026-08-13 08:47:34,009 - sqlalchemy.engine.Engine - INFO - [cached since 5.149s ago] {'email_1': 'test9d6b76f2@example.com'}
2026-08-13 08:47:34,291 - sqlalchemy.engine.Engine - INFO - INSERT INTO "user" (username, email, hashed_password, full_name, role, is_active, created_at, updated_at, last_login) VALUES (%(username)s, %(email)s, %(hashed_password)s, %(full_name)s, %(role)s, %(is_active)s, %(created_at)s, %(updated_at)s, %(last_login)s) RETURNING "user".id
2026-08-13 08:47:34,292 - sqlalchemy.engine.Engine - INFO - [cached since 5.112s ago] {'username': 'testuser9d6b76f2', 'email': 'test9d6b76f2@example.com', 'hashed_password': '$2b$12$I94E4BLvY61rj0uvOmNz..riTxjygHgN3TAa7ZfiUByB9lvZzDGEy', 'full_name': 'Test User', 'role': 'staff', 'is_active': True, 'created_at': datetime.datetime(2026, 8, 13, 5, 47, 34, 290631), 'updated_at': datetime.datetime(2026, 8, 13, 5, 47, 34, 290668), 'last_login': None}
2026-08-13 08:47:34,294 - sqlalchemy.engine.Engine - INFO - COMMIT
2026-08-13 08:47:34,297 - sqlalchemy.engine.Engine - INFO - BEGIN (implicit)
2026-08-13 08:47:34,298 - sqlalchemy.engine.Engine - INFO - SELECT "user".id, "user".username, "user".email, "user".hashed_password, "user".full_name, "user".role, "user".is_active, "user".created_at, "user".updated_at, "user".last_login 
FROM "user" 
WHERE "user".id = %(pk_1)s
2026-08-13 08:47:34,298 - sqlalchemy.engine.Engine - INFO - [cached since 5.108s ago] {'pk_1': 26}
2026-08-13 08:47:34,302 - main - INFO - POST /register - Status: 200 - Time: 0.300s
2026-08-13 08:47:34,303 - sqlalchemy.engine.Engine - INFO - ROLLBACK
2026-08-13 08:47:34,305 - httpx - INFO - HTTP Request: POST http://testserver/register "HTTP/1.1 200 OK"
2026-08-13 08:47:34,310 - sqlalchemy.engine.Engine - INFO - BEGIN (implicit)
2026-08-13 08:47:34,310 - sqlalchemy.engine.Engine - INFO - SELECT "user".id, "user".username, "user".email, "user".hashed_password, "user".full_name, "user".role, "user".is_active, "user".created_at, "user".updated_at, "user".last_login 
FROM "user" 
WHERE "user".username = %(username_1)s
2026-08-13 08:47:34,310 - sqlalchemy.engine.Engine - INFO - [cached since 5.456s ago] {'username_1': 'testuser9d6b76f2'}
2026-08-13 08:47:34,595 - sqlalchemy.engine.Engine - INFO - UPDATE "user" SET last_login=%(last_login)s WHERE "user".id = %(user_id)s
2026-08-13 08:47:34,595 - sqlalchemy.engine.Engine - INFO - [cached since 4.692s ago] {'last_login': datetime.datetime(2026, 8, 13, 5, 47, 34, 594695), 'user_id': 26}
2026-08-13 08:47:34,597 - sqlalchemy.engine.Engine - INFO - COMMIT
2026-08-13 08:47:34,599 - sqlalchemy.engine.Engine - INFO - BEGIN (implicit)
2026-08-13 08:47:34,600 - sqlalchemy.engine.Engine - INFO - SELECT "user".id AS user_id, "user".username AS user_username, "user".email AS user_email, "user".hashed_password AS user_hashed_password, "user".full_name AS user_full_name, "user".role AS user_role, "user".is_active AS user_is_active, "user".created_at AS user_created_at, "user".updated_at AS user_updated_at, "user".last_login AS user_last_login 
FROM "user" 
WHERE "user".id = %(pk_1)s
2026-08-13 08:47:34,600 - sqlalchemy.engine.Engine - INFO - [cached since 4.68s ago] {'pk_1': 26}
2026-08-13 08:47:34,604 - main - INFO - POST /login - Status: 200 - Time: 0.298s
2026-08-13 08:47:34,605 - sqlalchemy.engine.Engine - INFO - ROLLBACK
2026-08-13 08:47:34,607 - httpx - INFO - HTTP Request: POST http://testserver/login "HTTP/1.1 200 OK"
2026-08-13 08:47:34,612 - sqlalchemy.engine.Engine - INFO - BEGIN (implicit)
2026-08-13 08:47:34,612 - sqlalchemy.engine.Engine - INFO - SELECT "user".id, "user".username, "user".email, "user".hashed_password, "user".full_name, "user".role, "user".is_active, "user".created_at, "user".updated_at, "user".last_login 
FROM "user" 
WHERE "user".username = %(username_1)s
2026-08-13 08:47:34,613 - sqlalchemy.engine.Engine - INFO - [cached since 5.758s ago] {'username_1': 'testuser9d6b76f2'}
2026-08-13 08:47:34,616 - sqlalchemy.engine.Engine - INFO - ROLLBACK
2026-08-13 08:47:34,618 - main - INFO - DELETE /documents/999999 - Status: 403 - Time: 0.009s
2026-08-13 08:47:34,619 - httpx - INFO - HTTP Request: DELETE http://testserver/documents/999999 "HTTP/1.1 403 Forbidden"
2026-08-13 08:47:34,626 - sqlalchemy.engine.Engine - INFO - BEGIN (implicit)
2026-08-13 08:47:34,627 - sqlalchemy.engine.Engine - INFO - SELECT pg_catalog.pg_class.relname 
FROM pg_catalog.pg_class JOIN pg_catalog.pg_namespace ON pg_catalog.pg_namespace.oid = pg_catalog.pg_class.relnamespace 
WHERE pg_catalog.pg_class.relname = %(table_name)s AND pg_catalog.pg_class.relkind = ANY (ARRAY[%(param_1)s, %(param_2)s, %(param_3)s, %(param_4)s, %(param_5)s]) AND pg_catalog.pg_table_is_visible(pg_catalog.pg_class.oid) AND pg_catalog.pg_namespace.nspname != %(nspname_1)s
2026-08-13 08:47:34,628 - sqlalchemy.engine.Engine - INFO - [cached since 5.813s ago] {'table_name': 'user', 'param_1': 'r', 'param_2': 'p', 'param_3': 'f', 'param_4': 'v', 'param_5': 'm', 'nspname_1': 'pg_catalog'}
2026-08-13 08:47:34,631 - sqlalchemy.engine.Engine - INFO - SELECT pg_catalog.pg_class.relname 
FROM pg_catalog.pg_class JOIN pg_catalog.pg_namespace ON pg_catalog.pg_namespace.oid = pg_catalog.pg_class.relnamespace 
WHERE pg_catalog.pg_class.relname = %(table_name)s AND pg_catalog.pg_class.relkind = ANY (ARRAY[%(param_1)s, %(param_2)s, %(param_3)s, %(param_4)s, %(param_5)s]) AND pg_catalog.pg_table_is_visible(pg_catalog.pg_class.oid) AND pg_catalog.pg_namespace.nspname != %(nspname_1)s
2026-08-13 08:47:34,632 - sqlalchemy.engine.Engine - INFO - [cached since 5.817s ago] {'table_name': 'document', 'param_1': 'r', 'param_2': 'p', 'param_3': 'f', 'param_4': 'v', 'param_5': 'm', 'nspname_1': 'pg_catalog'}
2026-08-13 08:47:34,637 - sqlalchemy.engine.Engine - INFO - COMMIT
2026-08-13 08:47:34,641 - main - INFO - GET /this-route-does-not-exist - Status: 404 - Time: 0.001s
2026-08-13 08:47:34,642 - httpx - INFO - HTTP Request: GET http://testserver/this-route-does-not-exist "HTTP/1.1 404 Not Found"
2026-08-13 08:47:34,651 - sqlalchemy.engine.Engine - INFO - BEGIN (implicit)
2026-08-13 08:47:34,652 - sqlalchemy.engine.Engine - INFO - SELECT pg_catalog.pg_class.relname 
FROM pg_catalog.pg_class JOIN pg_catalog.pg_namespace ON pg_catalog.pg_namespace.oid = pg_catalog.pg_class.relnamespace 
WHERE pg_catalog.pg_class.relname = %(table_name)s AND pg_catalog.pg_class.relkind = ANY (ARRAY[%(param_1)s, %(param_2)s, %(param_3)s, %(param_4)s, %(param_5)s]) AND pg_catalog.pg_table_is_visible(pg_catalog.pg_class.oid) AND pg_catalog.pg_namespace.nspname != %(nspname_1)s
2026-08-13 08:47:34,652 - sqlalchemy.engine.Engine - INFO - [cached since 5.837s ago] {'table_name': 'user', 'param_1': 'r', 'param_2': 'p', 'param_3': 'f', 'param_4': 'v', 'param_5': 'm', 'nspname_1': 'pg_catalog'}
2026-08-13 08:47:34,654 - sqlalchemy.engine.Engine - INFO - SELECT pg_catalog.pg_class.relname 
FROM pg_catalog.pg_class JOIN pg_catalog.pg_namespace ON pg_catalog.pg_namespace.oid = pg_catalog.pg_class.relnamespace 
WHERE pg_catalog.pg_class.relname = %(table_name)s AND pg_catalog.pg_class.relkind = ANY (ARRAY[%(param_1)s, %(param_2)s, %(param_3)s, %(param_4)s, %(param_5)s]) AND pg_catalog.pg_table_is_visible(pg_catalog.pg_class.oid) AND pg_catalog.pg_namespace.nspname != %(nspname_1)s
2026-08-13 08:47:34,655 - sqlalchemy.engine.Engine - INFO - [cached since 5.84s ago] {'table_name': 'document', 'param_1': 'r', 'param_2': 'p', 'param_3': 'f', 'param_4': 'v', 'param_5': 'm', 'nspname_1': 'pg_catalog'}
2026-08-13 08:47:34,657 - sqlalchemy.engine.Engine - INFO - COMMIT
2026-08-13 08:47:34,662 - main - INFO - GET /documents - Status: 401 - Time: 0.002s
2026-08-13 08:47:34,663 - httpx - INFO - HTTP Request: GET http://testserver/documents "HTTP/1.1 401 Unauthorized"
2026-08-13 08:47:34,674 - sqlalchemy.engine.Engine - INFO - BEGIN (implicit)
2026-08-13 08:47:34,674 - sqlalchemy.engine.Engine - INFO - SELECT pg_catalog.pg_class.relname 
FROM pg_catalog.pg_class JOIN pg_catalog.pg_namespace ON pg_catalog.pg_namespace.oid = pg_catalog.pg_class.relnamespace 
WHERE pg_catalog.pg_class.relname = %(table_name)s AND pg_catalog.pg_class.relkind = ANY (ARRAY[%(param_1)s, %(param_2)s, %(param_3)s, %(param_4)s, %(param_5)s]) AND pg_catalog.pg_table_is_visible(pg_catalog.pg_class.oid) AND pg_catalog.pg_namespace.nspname != %(nspname_1)s
2026-08-13 08:47:34,675 - sqlalchemy.engine.Engine - INFO - [cached since 5.86s ago] {'table_name': 'user', 'param_1': 'r', 'param_2': 'p', 'param_3': 'f', 'param_4': 'v', 'param_5': 'm', 'nspname_1': 'pg_catalog'}
2026-08-13 08:47:34,679 - sqlalchemy.engine.Engine - INFO - SELECT pg_catalog.pg_class.relname 
FROM pg_catalog.pg_class JOIN pg_catalog.pg_namespace ON pg_catalog.pg_namespace.oid = pg_catalog.pg_class.relnamespace 
WHERE pg_catalog.pg_class.relname = %(table_name)s AND pg_catalog.pg_class.relkind = ANY (ARRAY[%(param_1)s, %(param_2)s, %(param_3)s, %(param_4)s, %(param_5)s]) AND pg_catalog.pg_table_is_visible(pg_catalog.pg_class.oid) AND pg_catalog.pg_namespace.nspname != %(nspname_1)s
2026-08-13 08:47:34,679 - sqlalchemy.engine.Engine - INFO - [cached since 5.865s ago] {'table_name': 'document', 'param_1': 'r', 'param_2': 'p', 'param_3': 'f', 'param_4': 'v', 'param_5': 'm', 'nspname_1': 'pg_catalog'}
2026-08-13 08:47:34,681 - sqlalchemy.engine.Engine - INFO - COMMIT
2026-08-13 08:47:34,690 - main - INFO - GET /documents/search - Status: 401 - Time: 0.001s
2026-08-13 08:47:34,691 - httpx - INFO - HTTP Request: GET http://testserver/documents/search?q=test "HTTP/1.1 401 Unauthorized"
2026-08-13 08:47:34,700 - sqlalchemy.engine.Engine - INFO - BEGIN (implicit)
2026-08-13 08:47:34,702 - sqlalchemy.engine.Engine - INFO - SELECT pg_catalog.pg_class.relname 
FROM pg_catalog.pg_class JOIN pg_catalog.pg_namespace ON pg_catalog.pg_namespace.oid = pg_catalog.pg_class.relnamespace 
WHERE pg_catalog.pg_class.relname = %(table_name)s AND pg_catalog.pg_class.relkind = ANY (ARRAY[%(param_1)s, %(param_2)s, %(param_3)s, %(param_4)s, %(param_5)s]) AND pg_catalog.pg_table_is_visible(pg_catalog.pg_class.oid) AND pg_catalog.pg_namespace.nspname != %(nspname_1)s
2026-08-13 08:47:34,702 - sqlalchemy.engine.Engine - INFO - [cached since 5.887s ago] {'table_name': 'user', 'param_1': 'r', 'param_2': 'p', 'param_3': 'f', 'param_4': 'v', 'param_5': 'm', 'nspname_1': 'pg_catalog'}
2026-08-13 08:47:34,705 - sqlalchemy.engine.Engine - INFO - SELECT pg_catalog.pg_class.relname 
FROM pg_catalog.pg_class JOIN pg_catalog.pg_namespace ON pg_catalog.pg_namespace.oid = pg_catalog.pg_class.relnamespace 
WHERE pg_catalog.pg_class.relname = %(table_name)s AND pg_catalog.pg_class.relkind = ANY (ARRAY[%(param_1)s, %(param_2)s, %(param_3)s, %(param_4)s, %(param_5)s]) AND pg_catalog.pg_table_is_visible(pg_catalog.pg_class.oid) AND pg_catalog.pg_namespace.nspname != %(nspname_1)s
2026-08-13 08:47:34,705 - sqlalchemy.engine.Engine - INFO - [cached since 5.891s ago] {'table_name': 'document', 'param_1': 'r', 'param_2': 'p', 'param_3': 'f', 'param_4': 'v', 'param_5': 'm', 'nspname_1': 'pg_catalog'}
2026-08-13 08:47:34,707 - sqlalchemy.engine.Engine - INFO - COMMIT
2026-08-13 08:47:34,714 - sqlalchemy.engine.Engine - INFO - BEGIN (implicit)
2026-08-13 08:47:34,715 - sqlalchemy.engine.Engine - INFO - SELECT "user".id, "user".username, "user".email, "user".hashed_password, "user".full_name, "user".role, "user".is_active, "user".created_at, "user".updated_at, "user".last_login 
FROM "user" 
WHERE "user".username = %(username_1)s
2026-08-13 08:47:34,715 - sqlalchemy.engine.Engine - INFO - [cached since 5.861s ago] {'username_1': 'testusera854f337'}
2026-08-13 08:47:34,720 - sqlalchemy.engine.Engine - INFO - SELECT "user".id, "user".username, "user".email, "user".hashed_password, "user".full_name, "user".role, "user".is_active, "user".created_at, "user".updated_at, "user".last_login 
FROM "user" 
WHERE "user".email = %(email_1)s
2026-08-13 08:47:34,721 - sqlalchemy.engine.Engine - INFO - [cached since 5.861s ago] {'email_1': 'testa854f337@example.com'}
2026-08-13 08:47:35,004 - sqlalchemy.engine.Engine - INFO - INSERT INTO "user" (username, email, hashed_password, full_name, role, is_active, created_at, updated_at, last_login) VALUES (%(username)s, %(email)s, %(hashed_password)s, %(full_name)s, %(role)s, %(is_active)s, %(created_at)s, %(updated_at)s, %(last_login)s) RETURNING "user".id
2026-08-13 08:47:35,004 - sqlalchemy.engine.Engine - INFO - [cached since 5.824s ago] {'username': 'testusera854f337', 'email': 'testa854f337@example.com', 'hashed_password': '$2b$12$M9BudFXgwgxxYI2E4PbrxeAv4mQUGxxchwK8fiHWxCwDpR7zh64Qa', 'full_name': 'Test User', 'role': 'staff', 'is_active': True, 'created_at': datetime.datetime(2026, 8, 13, 5, 47, 35, 3243), 'updated_at': datetime.datetime(2026, 8, 13, 5, 47, 35, 3311), 'last_login': None}
2026-08-13 08:47:35,006 - sqlalchemy.engine.Engine - INFO - COMMIT
2026-08-13 08:47:35,008 - sqlalchemy.engine.Engine - INFO - BEGIN (implicit)
2026-08-13 08:47:35,009 - sqlalchemy.engine.Engine - INFO - SELECT "user".id, "user".username, "user".email, "user".hashed_password, "user".full_name, "user".role, "user".is_active, "user".created_at, "user".updated_at, "user".last_login 
FROM "user" 
WHERE "user".id = %(pk_1)s
2026-08-13 08:47:35,009 - sqlalchemy.engine.Engine - INFO - [cached since 5.819s ago] {'pk_1': 27}
2026-08-13 08:47:35,013 - main - INFO - POST /register - Status: 200 - Time: 0.302s
2026-08-13 08:47:35,014 - sqlalchemy.engine.Engine - INFO - ROLLBACK
2026-08-13 08:47:35,016 - httpx - INFO - HTTP Request: POST http://testserver/register "HTTP/1.1 200 OK"
2026-08-13 08:47:35,021 - sqlalchemy.engine.Engine - INFO - BEGIN (implicit)
2026-08-13 08:47:35,022 - sqlalchemy.engine.Engine - INFO - SELECT "user".id, "user".username, "user".email, "user".hashed_password, "user".full_name, "user".role, "user".is_active, "user".created_at, "user".updated_at, "user".last_login 
FROM "user" 
WHERE "user".username = %(username_1)s
2026-08-13 08:47:35,022 - sqlalchemy.engine.Engine - INFO - [cached since 6.168s ago] {'username_1': 'testusera854f337'}
2026-08-13 08:47:35,304 - sqlalchemy.engine.Engine - INFO - UPDATE "user" SET last_login=%(last_login)s WHERE "user".id = %(user_id)s
2026-08-13 08:47:35,304 - sqlalchemy.engine.Engine - INFO - [cached since 5.401s ago] {'last_login': datetime.datetime(2026, 8, 13, 5, 47, 35, 303821), 'user_id': 27}
2026-08-13 08:47:35,306 - sqlalchemy.engine.Engine - INFO - COMMIT
2026-08-13 08:47:35,309 - sqlalchemy.engine.Engine - INFO - BEGIN (implicit)
2026-08-13 08:47:35,309 - sqlalchemy.engine.Engine - INFO - SELECT "user".id AS user_id, "user".username AS user_username, "user".email AS user_email, "user".hashed_password AS user_hashed_password, "user".full_name AS user_full_name, "user".role AS user_role, "user".is_active AS user_is_active, "user".created_at AS user_created_at, "user".updated_at AS user_updated_at, "user".last_login AS user_last_login 
FROM "user" 
WHERE "user".id = %(pk_1)s
2026-08-13 08:47:35,309 - sqlalchemy.engine.Engine - INFO - [cached since 5.389s ago] {'pk_1': 27}
2026-08-13 08:47:35,313 - main - INFO - POST /login - Status: 200 - Time: 0.295s
2026-08-13 08:47:35,314 - sqlalchemy.engine.Engine - INFO - ROLLBACK
2026-08-13 08:47:35,315 - httpx - INFO - HTTP Request: POST http://testserver/login "HTTP/1.1 200 OK"
2026-08-13 08:47:35,320 - sqlalchemy.engine.Engine - INFO - BEGIN (implicit)
2026-08-13 08:47:35,321 - sqlalchemy.engine.Engine - INFO - SELECT "user".id, "user".username, "user".email, "user".hashed_password, "user".full_name, "user".role, "user".is_active, "user".created_at, "user".updated_at, "user".last_login 
FROM "user" 
WHERE "user".username = %(username_1)s
2026-08-13 08:47:35,321 - sqlalchemy.engine.Engine - INFO - [cached since 6.467s ago] {'username_1': 'testusera854f337'}
2026-08-13 08:47:35,324 - sqlalchemy.engine.Engine - INFO - SELECT document.id AS document_id, document.filename AS document_filename, document.original_filename AS document_original_filename, document.file_size AS document_file_size, document.file_type AS document_file_type, document.status AS document_status, document.city AS document_city, document.country AS document_country, document.weather_data AS document_weather_data, document.weather_fetched_at AS document_weather_fetched_at, document.description AS document_description, document.uploader_id AS document_uploader_id, document.uploaded_at AS document_uploaded_at, document.updated_at AS document_updated_at, document.file_path AS document_file_path, document.version AS document_version 
FROM document 
WHERE document.id = %(pk_1)s
2026-08-13 08:47:35,325 - sqlalchemy.engine.Engine - INFO - [cached since 2.018s ago] {'pk_1': 999999}
2026-08-13 08:47:35,327 - sqlalchemy.engine.Engine - INFO - ROLLBACK
2026-08-13 08:47:35,329 - main - INFO - GET /documents/999999 - Status: 404 - Time: 0.011s
2026-08-13 08:47:35,330 - httpx - INFO - HTTP Request: GET http://testserver/documents/999999 "HTTP/1.1 404 Not Found"
2026-08-13 08:47:35,337 - sqlalchemy.engine.Engine - INFO - BEGIN (implicit)
2026-08-13 08:47:35,338 - sqlalchemy.engine.Engine - INFO - SELECT pg_catalog.pg_class.relname 
FROM pg_catalog.pg_class JOIN pg_catalog.pg_namespace ON pg_catalog.pg_namespace.oid = pg_catalog.pg_class.relnamespace 
WHERE pg_catalog.pg_class.relname = %(table_name)s AND pg_catalog.pg_class.relkind = ANY (ARRAY[%(param_1)s, %(param_2)s, %(param_3)s, %(param_4)s, %(param_5)s]) AND pg_catalog.pg_table_is_visible(pg_catalog.pg_class.oid) AND pg_catalog.pg_namespace.nspname != %(nspname_1)s
2026-08-13 08:47:35,339 - sqlalchemy.engine.Engine - INFO - [cached since 6.525s ago] {'table_name': 'user', 'param_1': 'r', 'param_2': 'p', 'param_3': 'f', 'param_4': 'v', 'param_5': 'm', 'nspname_1': 'pg_catalog'}
2026-08-13 08:47:35,343 - sqlalchemy.engine.Engine - INFO - SELECT pg_catalog.pg_class.relname 
FROM pg_catalog.pg_class JOIN pg_catalog.pg_namespace ON pg_catalog.pg_namespace.oid = pg_catalog.pg_class.relnamespace 
WHERE pg_catalog.pg_class.relname = %(table_name)s AND pg_catalog.pg_class.relkind = ANY (ARRAY[%(param_1)s, %(param_2)s, %(param_3)s, %(param_4)s, %(param_5)s]) AND pg_catalog.pg_table_is_visible(pg_catalog.pg_class.oid) AND pg_catalog.pg_namespace.nspname != %(nspname_1)s
2026-08-13 08:47:35,345 - sqlalchemy.engine.Engine - INFO - [cached since 6.53s ago] {'table_name': 'document', 'param_1': 'r', 'param_2': 'p', 'param_3': 'f', 'param_4': 'v', 'param_5': 'm', 'nspname_1': 'pg_catalog'}
2026-08-13 08:47:35,347 - sqlalchemy.engine.Engine - INFO - COMMIT
2026-08-13 08:47:35,355 - sqlalchemy.engine.Engine - INFO - BEGIN (implicit)
2026-08-13 08:47:35,356 - sqlalchemy.engine.Engine - INFO - SELECT "user".id, "user".username, "user".email, "user".hashed_password, "user".full_name, "user".role, "user".is_active, "user".created_at, "user".updated_at, "user".last_login 
FROM "user" 
WHERE "user".username = %(username_1)s
2026-08-13 08:47:35,356 - sqlalchemy.engine.Engine - INFO - [cached since 6.502s ago] {'username_1': 'integration6fb1004a'}
2026-08-13 08:47:35,359 - sqlalchemy.engine.Engine - INFO - SELECT "user".id, "user".username, "user".email, "user".hashed_password, "user".full_name, "user".role, "user".is_active, "user".created_at, "user".updated_at, "user".last_login 
FROM "user" 
WHERE "user".email = %(email_1)s
2026-08-13 08:47:35,359 - sqlalchemy.engine.Engine - INFO - [cached since 6.5s ago] {'email_1': 'integration6fb1004a@example.com'}
2026-08-13 08:47:35,644 - sqlalchemy.engine.Engine - INFO - INSERT INTO "user" (username, email, hashed_password, full_name, role, is_active, created_at, updated_at, last_login) VALUES (%(username)s, %(email)s, %(hashed_password)s, %(full_name)s, %(role)s, %(is_active)s, %(created_at)s, %(updated_at)s, %(last_login)s) RETURNING "user".id
2026-08-13 08:47:35,645 - sqlalchemy.engine.Engine - INFO - [cached since 6.465s ago] {'username': 'integration6fb1004a', 'email': 'integration6fb1004a@example.com', 'hashed_password': '$2b$12$VUGpfa/J82Bm.Fecuzv.ve8dj4og9KhqQfiLRtwoZySaErZZLMMYe', 'full_name': 'Integration User', 'role': 'staff', 'is_active': True, 'created_at': datetime.datetime(2026, 8, 13, 5, 47, 35, 643977), 'updated_at': datetime.datetime(2026, 8, 13, 5, 47, 35, 644031), 'last_login': None}
2026-08-13 08:47:35,647 - sqlalchemy.engine.Engine - INFO - COMMIT
2026-08-13 08:47:35,649 - sqlalchemy.engine.Engine - INFO - BEGIN (implicit)
2026-08-13 08:47:35,650 - sqlalchemy.engine.Engine - INFO - SELECT "user".id, "user".username, "user".email, "user".hashed_password, "user".full_name, "user".role, "user".is_active, "user".created_at, "user".updated_at, "user".last_login 
FROM "user" 
WHERE "user".id = %(pk_1)s
2026-08-13 08:47:35,650 - sqlalchemy.engine.Engine - INFO - [cached since 6.459s ago] {'pk_1': 28}
2026-08-13 08:47:35,654 - main - INFO - POST /register - Status: 200 - Time: 0.301s
2026-08-13 08:47:35,655 - sqlalchemy.engine.Engine - INFO - ROLLBACK
2026-08-13 08:47:35,657 - httpx - INFO - HTTP Request: POST http://testserver/register "HTTP/1.1 200 OK"
2026-08-13 08:47:35,661 - sqlalchemy.engine.Engine - INFO - BEGIN (implicit)
2026-08-13 08:47:35,662 - sqlalchemy.engine.Engine - INFO - SELECT "user".id, "user".username, "user".email, "user".hashed_password, "user".full_name, "user".role, "user".is_active, "user".created_at, "user".updated_at, "user".last_login 
FROM "user" 
WHERE "user".username = %(username_1)s
2026-08-13 08:47:35,662 - sqlalchemy.engine.Engine - INFO - [cached since 6.808s ago] {'username_1': 'integration6fb1004a'}
2026-08-13 08:47:35,944 - sqlalchemy.engine.Engine - INFO - UPDATE "user" SET last_login=%(last_login)s WHERE "user".id = %(user_id)s
2026-08-13 08:47:35,944 - sqlalchemy.engine.Engine - INFO - [cached since 6.041s ago] {'last_login': datetime.datetime(2026, 8, 13, 5, 47, 35, 943655), 'user_id': 28}
2026-08-13 08:47:35,946 - sqlalchemy.engine.Engine - INFO - COMMIT
2026-08-13 08:47:35,948 - sqlalchemy.engine.Engine - INFO - BEGIN (implicit)
2026-08-13 08:47:35,949 - sqlalchemy.engine.Engine - INFO - SELECT "user".id AS user_id, "user".username AS user_username, "user".email AS user_email, "user".hashed_password AS user_hashed_password, "user".full_name AS user_full_name, "user".role AS user_role, "user".is_active AS user_is_active, "user".created_at AS user_created_at, "user".updated_at AS user_updated_at, "user".last_login AS user_last_login 
FROM "user" 
WHERE "user".id = %(pk_1)s
2026-08-13 08:47:35,949 - sqlalchemy.engine.Engine - INFO - [cached since 6.029s ago] {'pk_1': 28}
2026-08-13 08:47:35,953 - main - INFO - POST /login - Status: 200 - Time: 0.294s
2026-08-13 08:47:35,953 - sqlalchemy.engine.Engine - INFO - ROLLBACK
2026-08-13 08:47:35,955 - httpx - INFO - HTTP Request: POST http://testserver/login "HTTP/1.1 200 OK"
2026-08-13 08:47:35,959 - sqlalchemy.engine.Engine - INFO - BEGIN (implicit)
2026-08-13 08:47:35,959 - sqlalchemy.engine.Engine - INFO - SELECT "user".id, "user".username, "user".email, "user".hashed_password, "user".full_name, "user".role, "user".is_active, "user".created_at, "user".updated_at, "user".last_login 
FROM "user" 
WHERE "user".username = %(username_1)s
2026-08-13 08:47:35,960 - sqlalchemy.engine.Engine - INFO - [cached since 7.106s ago] {'username_1': 'integration6fb1004a'}
2026-08-13 08:47:35,964 - main - INFO - GET /me - Status: 200 - Time: 0.007s
2026-08-13 08:47:35,965 - sqlalchemy.engine.Engine - INFO - ROLLBACK
2026-08-13 08:47:35,966 - httpx - INFO - HTTP Request: GET http://testserver/me "HTTP/1.1 200 OK"
2026-08-13 08:47:35,975 - sqlalchemy.engine.Engine - INFO - BEGIN (implicit)
2026-08-13 08:47:35,976 - sqlalchemy.engine.Engine - INFO - SELECT pg_catalog.pg_class.relname 
FROM pg_catalog.pg_class JOIN pg_catalog.pg_namespace ON pg_catalog.pg_namespace.oid = pg_catalog.pg_class.relnamespace 
WHERE pg_catalog.pg_class.relname = %(table_name)s AND pg_catalog.pg_class.relkind = ANY (ARRAY[%(param_1)s, %(param_2)s, %(param_3)s, %(param_4)s, %(param_5)s]) AND pg_catalog.pg_table_is_visible(pg_catalog.pg_class.oid) AND pg_catalog.pg_namespace.nspname != %(nspname_1)s
2026-08-13 08:47:35,977 - sqlalchemy.engine.Engine - INFO - [cached since 7.162s ago] {'table_name': 'user', 'param_1': 'r', 'param_2': 'p', 'param_3': 'f', 'param_4': 'v', 'param_5': 'm', 'nspname_1': 'pg_catalog'}
2026-08-13 08:47:35,983 - sqlalchemy.engine.Engine - INFO - SELECT pg_catalog.pg_class.relname 
FROM pg_catalog.pg_class JOIN pg_catalog.pg_namespace ON pg_catalog.pg_namespace.oid = pg_catalog.pg_class.relnamespace 
WHERE pg_catalog.pg_class.relname = %(table_name)s AND pg_catalog.pg_class.relkind = ANY (ARRAY[%(param_1)s, %(param_2)s, %(param_3)s, %(param_4)s, %(param_5)s]) AND pg_catalog.pg_table_is_visible(pg_catalog.pg_class.oid) AND pg_catalog.pg_namespace.nspname != %(nspname_1)s
2026-08-13 08:47:35,983 - sqlalchemy.engine.Engine - INFO - [cached since 7.168s ago] {'table_name': 'document', 'param_1': 'r', 'param_2': 'p', 'param_3': 'f', 'param_4': 'v', 'param_5': 'm', 'nspname_1': 'pg_catalog'}
2026-08-13 08:47:35,985 - sqlalchemy.engine.Engine - INFO - COMMIT
2026-08-13 08:47:35,991 - sqlalchemy.engine.Engine - INFO - BEGIN (implicit)
2026-08-13 08:47:35,992 - sqlalchemy.engine.Engine - INFO - SELECT "user".id, "user".username, "user".email, "user".hashed_password, "user".full_name, "user".role, "user".is_active, "user".created_at, "user".updated_at, "user".last_login 
FROM "user" 
WHERE "user".username = %(username_1)s
2026-08-13 08:47:35,992 - sqlalchemy.engine.Engine - INFO - [cached since 7.138s ago] {'username_1': 'testuserf7c55cee'}
2026-08-13 08:47:35,996 - sqlalchemy.engine.Engine - INFO - SELECT "user".id, "user".username, "user".email, "user".hashed_password, "user".full_name, "user".role, "user".is_active, "user".created_at, "user".updated_at, "user".last_login 
FROM "user" 
WHERE "user".email = %(email_1)s
2026-08-13 08:47:35,996 - sqlalchemy.engine.Engine - INFO - [cached since 7.136s ago] {'email_1': 'testf7c55cee@example.com'}
2026-08-13 08:47:36,280 - sqlalchemy.engine.Engine - INFO - INSERT INTO "user" (username, email, hashed_password, full_name, role, is_active, created_at, updated_at, last_login) VALUES (%(username)s, %(email)s, %(hashed_password)s, %(full_name)s, %(role)s, %(is_active)s, %(created_at)s, %(updated_at)s, %(last_login)s) RETURNING "user".id
2026-08-13 08:47:36,280 - sqlalchemy.engine.Engine - INFO - [cached since 7.1s ago] {'username': 'testuserf7c55cee', 'email': 'testf7c55cee@example.com', 'hashed_password': '$2b$12$Sz.KGIzaBdrzhgDVk.PfuOAHuzQLb6bKs4p.uSS/J6iABn3abVazO', 'full_name': 'Test User', 'role': 'staff', 'is_active': True, 'created_at': datetime.datetime(2026, 8, 13, 5, 47, 36, 279477), 'updated_at': datetime.datetime(2026, 8, 13, 5, 47, 36, 279514), 'last_login': None}
2026-08-13 08:47:36,282 - sqlalchemy.engine.Engine - INFO - COMMIT
2026-08-13 08:47:36,285 - sqlalchemy.engine.Engine - INFO - BEGIN (implicit)
2026-08-13 08:47:36,286 - sqlalchemy.engine.Engine - INFO - SELECT "user".id, "user".username, "user".email, "user".hashed_password, "user".full_name, "user".role, "user".is_active, "user".created_at, "user".updated_at, "user".last_login 
FROM "user" 
WHERE "user".id = %(pk_1)s
2026-08-13 08:47:36,286 - sqlalchemy.engine.Engine - INFO - [cached since 7.095s ago] {'pk_1': 29}
2026-08-13 08:47:36,290 - main - INFO - POST /register - Status: 200 - Time: 0.301s
2026-08-13 08:47:36,290 - sqlalchemy.engine.Engine - INFO - ROLLBACK
2026-08-13 08:47:36,292 - httpx - INFO - HTTP Request: POST http://testserver/register "HTTP/1.1 200 OK"
2026-08-13 08:47:36,297 - sqlalchemy.engine.Engine - INFO - BEGIN (implicit)
2026-08-13 08:47:36,298 - sqlalchemy.engine.Engine - INFO - SELECT "user".id, "user".username, "user".email, "user".hashed_password, "user".full_name, "user".role, "user".is_active, "user".created_at, "user".updated_at, "user".last_login 
FROM "user" 
WHERE "user".username = %(username_1)s
2026-08-13 08:47:36,298 - sqlalchemy.engine.Engine - INFO - [cached since 7.444s ago] {'username_1': 'testuserf7c55cee'}
2026-08-13 08:47:36,579 - sqlalchemy.engine.Engine - INFO - UPDATE "user" SET last_login=%(last_login)s WHERE "user".id = %(user_id)s
2026-08-13 08:47:36,579 - sqlalchemy.engine.Engine - INFO - [cached since 6.676s ago] {'last_login': datetime.datetime(2026, 8, 13, 5, 47, 36, 578709), 'user_id': 29}
2026-08-13 08:47:36,581 - sqlalchemy.engine.Engine - INFO - COMMIT
2026-08-13 08:47:36,583 - sqlalchemy.engine.Engine - INFO - BEGIN (implicit)
2026-08-13 08:47:36,584 - sqlalchemy.engine.Engine - INFO - SELECT "user".id AS user_id, "user".username AS user_username, "user".email AS user_email, "user".hashed_password AS user_hashed_password, "user".full_name AS user_full_name, "user".role AS user_role, "user".is_active AS user_is_active, "user".created_at AS user_created_at, "user".updated_at AS user_updated_at, "user".last_login AS user_last_login 
FROM "user" 
WHERE "user".id = %(pk_1)s
2026-08-13 08:47:36,584 - sqlalchemy.engine.Engine - INFO - [cached since 6.664s ago] {'pk_1': 29}
2026-08-13 08:47:36,588 - main - INFO - POST /login - Status: 200 - Time: 0.294s
2026-08-13 08:47:36,589 - sqlalchemy.engine.Engine - INFO - ROLLBACK
2026-08-13 08:47:36,591 - httpx - INFO - HTTP Request: POST http://testserver/login "HTTP/1.1 200 OK"
2026-08-13 08:47:37,596 - sqlalchemy.engine.Engine - INFO - BEGIN (implicit)
2026-08-13 08:47:37,597 - sqlalchemy.engine.Engine - INFO - SELECT "user".id, "user".username, "user".email, "user".hashed_password, "user".full_name, "user".role, "user".is_active, "user".created_at, "user".updated_at, "user".last_login 
FROM "user" 
WHERE "user".username = %(username_1)s
2026-08-13 08:47:37,597 - sqlalchemy.engine.Engine - INFO - [cached since 8.743s ago] {'username_1': 'testuserf7c55cee'}
2026-08-13 08:47:37,601 - sqlalchemy.engine.Engine - INFO - SELECT document.id, document.filename, document.original_filename, document.file_size, document.file_type, document.status, document.city, document.country, document.weather_data, document.weather_fetched_at, document.description, document.uploader_id, document.uploaded_at, document.updated_at, document.file_path, document.version 
FROM document 
WHERE document.uploader_id = %(uploader_id_1)s
2026-08-13 08:47:37,601 - sqlalchemy.engine.Engine - INFO - [cached since 5.705s ago] {'uploader_id_1': 29}
2026-08-13 08:47:37,604 - main - INFO - GET /documents - Status: 200 - Time: 0.010s
2026-08-13 08:47:37,605 - sqlalchemy.engine.Engine - INFO - ROLLBACK
2026-08-13 08:47:37,608 - httpx - INFO - HTTP Request: GET http://testserver/documents "HTTP/1.1 200 OK"
2026-08-13 08:47:37,613 - sqlalchemy.engine.Engine - INFO - BEGIN (implicit)
2026-08-13 08:47:37,614 - sqlalchemy.engine.Engine - INFO - SELECT "user".id, "user".username, "user".email, "user".hashed_password, "user".full_name, "user".role, "user".is_active, "user".created_at, "user".updated_at, "user".last_login 
FROM "user" 
WHERE "user".username = %(username_1)s
2026-08-13 08:47:37,614 - sqlalchemy.engine.Engine - INFO - [cached since 8.76s ago] {'username_1': 'testuserf7c55cee'}
2026-08-13 08:47:37,618 - sqlalchemy.engine.Engine - INFO - SELECT document.id, document.filename, document.original_filename, document.file_size, document.file_type, document.status, document.city, document.country, document.weather_data, document.weather_fetched_at, document.description, document.uploader_id, document.uploaded_at, document.updated_at, document.file_path, document.version 
FROM document 
WHERE document.uploader_id = %(uploader_id_1)s
2026-08-13 08:47:37,618 - sqlalchemy.engine.Engine - INFO - [cached since 5.722s ago] {'uploader_id_1': 29}
2026-08-13 08:47:37,621 - main - INFO - GET /documents - Status: 200 - Time: 0.009s
2026-08-13 08:47:37,622 - sqlalchemy.engine.Engine - INFO - ROLLBACK
2026-08-13 08:47:37,623 - httpx - INFO - HTTP Request: GET http://testserver/documents "HTTP/1.1 200 OK"
2026-08-13 08:47:37,627 - sqlalchemy.engine.Engine - INFO - BEGIN (implicit)
2026-08-13 08:47:37,628 - sqlalchemy.engine.Engine - INFO - SELECT "user".id, "user".username, "user".email, "user".hashed_password, "user".full_name, "user".role, "user".is_active, "user".created_at, "user".updated_at, "user".last_login 
FROM "user" 
WHERE "user".username = %(username_1)s
2026-08-13 08:47:37,628 - sqlalchemy.engine.Engine - INFO - [cached since 8.774s ago] {'username_1': 'testuserf7c55cee'}
2026-08-13 08:47:37,632 - sqlalchemy.engine.Engine - INFO - SELECT document.id, document.filename, document.original_filename, document.file_size, document.file_type, document.status, document.city, document.country, document.weather_data, document.weather_fetched_at, document.description, document.uploader_id, document.uploaded_at, document.updated_at, document.file_path, document.version 
FROM document 
WHERE document.uploader_id = %(uploader_id_1)s
2026-08-13 08:47:37,633 - sqlalchemy.engine.Engine - INFO - [cached since 5.736s ago] {'uploader_id_1': 29}
2026-08-13 08:47:37,636 - main - INFO - GET /documents - Status: 200 - Time: 0.011s
2026-08-13 08:47:37,636 - sqlalchemy.engine.Engine - INFO - ROLLBACK
2026-08-13 08:47:37,638 - httpx - INFO - HTTP Request: GET http://testserver/documents "HTTP/1.1 200 OK"
2026-08-13 08:47:37,642 - sqlalchemy.engine.Engine - INFO - BEGIN (implicit)
2026-08-13 08:47:37,642 - sqlalchemy.engine.Engine - INFO - SELECT "user".id, "user".username, "user".email, "user".hashed_password, "user".full_name, "user".role, "user".is_active, "user".created_at, "user".updated_at, "user".last_login 
FROM "user" 
WHERE "user".username = %(username_1)s
2026-08-13 08:47:37,642 - sqlalchemy.engine.Engine - INFO - [cached since 8.788s ago] {'username_1': 'testuserf7c55cee'}
2026-08-13 08:47:37,646 - sqlalchemy.engine.Engine - INFO - SELECT document.id, document.filename, document.original_filename, document.file_size, document.file_type, document.status, document.city, document.country, document.weather_data, document.weather_fetched_at, document.description, document.uploader_id, document.uploaded_at, document.updated_at, document.file_path, document.version 
FROM document 
WHERE document.uploader_id = %(uploader_id_1)s
2026-08-13 08:47:37,646 - sqlalchemy.engine.Engine - INFO - [cached since 5.75s ago] {'uploader_id_1': 29}
2026-08-13 08:47:37,649 - main - INFO - GET /documents - Status: 200 - Time: 0.009s
2026-08-13 08:47:37,650 - sqlalchemy.engine.Engine - INFO - ROLLBACK
2026-08-13 08:47:37,652 - httpx - INFO - HTTP Request: GET http://testserver/documents "HTTP/1.1 200 OK"
2026-08-13 08:47:37,655 - sqlalchemy.engine.Engine - INFO - BEGIN (implicit)
2026-08-13 08:47:37,656 - sqlalchemy.engine.Engine - INFO - SELECT "user".id, "user".username, "user".email, "user".hashed_password, "user".full_name, "user".role, "user".is_active, "user".created_at, "user".updated_at, "user".last_login 
FROM "user" 
WHERE "user".username = %(username_1)s
2026-08-13 08:47:37,656 - sqlalchemy.engine.Engine - INFO - [cached since 8.802s ago] {'username_1': 'testuserf7c55cee'}
2026-08-13 08:47:37,660 - sqlalchemy.engine.Engine - INFO - SELECT document.id, document.filename, document.original_filename, document.file_size, document.file_type, document.status, document.city, document.country, document.weather_data, document.weather_fetched_at, document.description, document.uploader_id, document.uploaded_at, document.updated_at, document.file_path, document.version 
FROM document 
WHERE document.uploader_id = %(uploader_id_1)s
2026-08-13 08:47:37,660 - sqlalchemy.engine.Engine - INFO - [cached since 5.763s ago] {'uploader_id_1': 29}
2026-08-13 08:47:37,662 - main - INFO - GET /documents - Status: 200 - Time: 0.009s
2026-08-13 08:47:37,663 - sqlalchemy.engine.Engine - INFO - ROLLBACK
2026-08-13 08:47:37,665 - httpx - INFO - HTTP Request: GET http://testserver/documents "HTTP/1.1 200 OK"
2026-08-13 08:47:37,669 - sqlalchemy.engine.Engine - INFO - BEGIN (implicit)
2026-08-13 08:47:37,670 - sqlalchemy.engine.Engine - INFO - SELECT "user".id, "user".username, "user".email, "user".hashed_password, "user".full_name, "user".role, "user".is_active, "user".created_at, "user".updated_at, "user".last_login 
FROM "user" 
WHERE "user".username = %(username_1)s
2026-08-13 08:47:37,670 - sqlalchemy.engine.Engine - INFO - [cached since 8.816s ago] {'username_1': 'testuserf7c55cee'}
2026-08-13 08:47:37,674 - sqlalchemy.engine.Engine - INFO - SELECT document.id, document.filename, document.original_filename, document.file_size, document.file_type, document.status, document.city, document.country, document.weather_data, document.weather_fetched_at, document.description, document.uploader_id, document.uploaded_at, document.updated_at, document.file_path, document.version 
FROM document 
WHERE document.uploader_id = %(uploader_id_1)s
2026-08-13 08:47:37,675 - sqlalchemy.engine.Engine - INFO - [cached since 5.778s ago] {'uploader_id_1': 29}
2026-08-13 08:47:37,677 - main - INFO - GET /documents - Status: 200 - Time: 0.011s
2026-08-13 08:47:37,678 - sqlalchemy.engine.Engine - INFO - ROLLBACK
2026-08-13 08:47:37,680 - httpx - INFO - HTTP Request: GET http://testserver/documents "HTTP/1.1 200 OK"
2026-08-13 08:47:37,684 - sqlalchemy.engine.Engine - INFO - BEGIN (implicit)
2026-08-13 08:47:37,684 - sqlalchemy.engine.Engine - INFO - SELECT "user".id, "user".username, "user".email, "user".hashed_password, "user".full_name, "user".role, "user".is_active, "user".created_at, "user".updated_at, "user".last_login 
FROM "user" 
WHERE "user".username = %(username_1)s
2026-08-13 08:47:37,684 - sqlalchemy.engine.Engine - INFO - [cached since 8.83s ago] {'username_1': 'testuserf7c55cee'}
2026-08-13 08:47:37,689 - sqlalchemy.engine.Engine - INFO - SELECT document.id, document.filename, document.original_filename, document.file_size, document.file_type, document.status, document.city, document.country, document.weather_data, document.weather_fetched_at, document.description, document.uploader_id, document.uploaded_at, document.updated_at, document.file_path, document.version 
FROM document 
WHERE document.uploader_id = %(uploader_id_1)s
2026-08-13 08:47:37,689 - sqlalchemy.engine.Engine - INFO - [cached since 5.792s ago] {'uploader_id_1': 29}
2026-08-13 08:47:37,692 - main - INFO - GET /documents - Status: 200 - Time: 0.010s
2026-08-13 08:47:37,693 - sqlalchemy.engine.Engine - INFO - ROLLBACK
2026-08-13 08:47:37,694 - httpx - INFO - HTTP Request: GET http://testserver/documents "HTTP/1.1 200 OK"
2026-08-13 08:47:37,698 - sqlalchemy.engine.Engine - INFO - BEGIN (implicit)
2026-08-13 08:47:37,698 - sqlalchemy.engine.Engine - INFO - SELECT "user".id, "user".username, "user".email, "user".hashed_password, "user".full_name, "user".role, "user".is_active, "user".created_at, "user".updated_at, "user".last_login 
FROM "user" 
WHERE "user".username = %(username_1)s
2026-08-13 08:47:37,699 - sqlalchemy.engine.Engine - INFO - [cached since 8.845s ago] {'username_1': 'testuserf7c55cee'}
2026-08-13 08:47:37,702 - sqlalchemy.engine.Engine - INFO - SELECT document.id, document.filename, document.original_filename, document.file_size, document.file_type, document.status, document.city, document.country, document.weather_data, document.weather_fetched_at, document.description, document.uploader_id, document.uploaded_at, document.updated_at, document.file_path, document.version 
FROM document 
WHERE document.uploader_id = %(uploader_id_1)s
2026-08-13 08:47:37,703 - sqlalchemy.engine.Engine - INFO - [cached since 5.806s ago] {'uploader_id_1': 29}
2026-08-13 08:47:37,705 - main - INFO - GET /documents - Status: 200 - Time: 0.009s
2026-08-13 08:47:37,706 - sqlalchemy.engine.Engine - INFO - ROLLBACK
2026-08-13 08:47:37,708 - httpx - INFO - HTTP Request: GET http://testserver/documents "HTTP/1.1 200 OK"
2026-08-13 08:47:37,712 - sqlalchemy.engine.Engine - INFO - BEGIN (implicit)
2026-08-13 08:47:37,712 - sqlalchemy.engine.Engine - INFO - SELECT "user".id, "user".username, "user".email, "user".hashed_password, "user".full_name, "user".role, "user".is_active, "user".created_at, "user".updated_at, "user".last_login 
FROM "user" 
WHERE "user".username = %(username_1)s
2026-08-13 08:47:37,712 - sqlalchemy.engine.Engine - INFO - [cached since 8.858s ago] {'username_1': 'testuserf7c55cee'}
2026-08-13 08:47:37,716 - sqlalchemy.engine.Engine - INFO - SELECT document.id, document.filename, document.original_filename, document.file_size, document.file_type, document.status, document.city, document.country, document.weather_data, document.weather_fetched_at, document.description, document.uploader_id, document.uploaded_at, document.updated_at, document.file_path, document.version 
FROM document 
WHERE document.uploader_id = %(uploader_id_1)s
2026-08-13 08:47:37,716 - sqlalchemy.engine.Engine - INFO - [cached since 5.82s ago] {'uploader_id_1': 29}
2026-08-13 08:47:37,719 - main - INFO - GET /documents - Status: 200 - Time: 0.009s
2026-08-13 08:47:37,720 - sqlalchemy.engine.Engine - INFO - ROLLBACK
2026-08-13 08:47:37,722 - httpx - INFO - HTTP Request: GET http://testserver/documents "HTTP/1.1 200 OK"
2026-08-13 08:47:37,725 - sqlalchemy.engine.Engine - INFO - BEGIN (implicit)
2026-08-13 08:47:37,726 - sqlalchemy.engine.Engine - INFO - SELECT "user".id, "user".username, "user".email, "user".hashed_password, "user".full_name, "user".role, "user".is_active, "user".created_at, "user".updated_at, "user".last_login 
FROM "user" 
WHERE "user".username = %(username_1)s
2026-08-13 08:47:37,726 - sqlalchemy.engine.Engine - INFO - [cached since 8.872s ago] {'username_1': 'testuserf7c55cee'}
2026-08-13 08:47:37,730 - sqlalchemy.engine.Engine - INFO - SELECT document.id, document.filename, document.original_filename, document.file_size, document.file_type, document.status, document.city, document.country, document.weather_data, document.weather_fetched_at, document.description, document.uploader_id, document.uploaded_at, document.updated_at, document.file_path, document.version 
FROM document 
WHERE document.uploader_id = %(uploader_id_1)s
2026-08-13 08:47:37,730 - sqlalchemy.engine.Engine - INFO - [cached since 5.833s ago] {'uploader_id_1': 29}
2026-08-13 08:47:37,733 - main - INFO - GET /documents - Status: 200 - Time: 0.009s
2026-08-13 08:47:37,733 - sqlalchemy.engine.Engine - INFO - ROLLBACK
2026-08-13 08:47:37,736 - httpx - INFO - HTTP Request: GET http://testserver/documents "HTTP/1.1 200 OK"
2026-08-13 08:47:37,739 - sqlalchemy.engine.Engine - INFO - BEGIN (implicit)
2026-08-13 08:47:37,740 - sqlalchemy.engine.Engine - INFO - SELECT "user".id, "user".username, "user".email, "user".hashed_password, "user".full_name, "user".role, "user".is_active, "user".created_at, "user".updated_at, "user".last_login 
FROM "user" 
WHERE "user".username = %(username_1)s
2026-08-13 08:47:37,740 - sqlalchemy.engine.Engine - INFO - [cached since 8.886s ago] {'username_1': 'testuserf7c55cee'}
2026-08-13 08:47:37,744 - sqlalchemy.engine.Engine - INFO - SELECT document.id, document.filename, document.original_filename, document.file_size, document.file_type, document.status, document.city, document.country, document.weather_data, document.weather_fetched_at, document.description, document.uploader_id, document.uploaded_at, document.updated_at, document.file_path, document.version 
FROM document 
WHERE document.uploader_id = %(uploader_id_1)s
2026-08-13 08:47:37,744 - sqlalchemy.engine.Engine - INFO - [cached since 5.847s ago] {'uploader_id_1': 29}
2026-08-13 08:47:37,746 - main - INFO - GET /documents - Status: 200 - Time: 0.009s
2026-08-13 08:47:37,747 - sqlalchemy.engine.Engine - INFO - ROLLBACK
2026-08-13 08:47:37,749 - httpx - INFO - HTTP Request: GET http://testserver/documents "HTTP/1.1 200 OK"
2026-08-13 08:47:37,753 - sqlalchemy.engine.Engine - INFO - BEGIN (implicit)
2026-08-13 08:47:37,753 - sqlalchemy.engine.Engine - INFO - SELECT "user".id, "user".username, "user".email, "user".hashed_password, "user".full_name, "user".role, "user".is_active, "user".created_at, "user".updated_at, "user".last_login 
FROM "user" 
WHERE "user".username = %(username_1)s
2026-08-13 08:47:37,754 - sqlalchemy.engine.Engine - INFO - [cached since 8.9s ago] {'username_1': 'testuserf7c55cee'}
2026-08-13 08:47:37,757 - sqlalchemy.engine.Engine - INFO - SELECT document.id, document.filename, document.original_filename, document.file_size, document.file_type, document.status, document.city, document.country, document.weather_data, document.weather_fetched_at, document.description, document.uploader_id, document.uploaded_at, document.updated_at, document.file_path, document.version 
FROM document 
WHERE document.uploader_id = %(uploader_id_1)s
2026-08-13 08:47:37,758 - sqlalchemy.engine.Engine - INFO - [cached since 5.861s ago] {'uploader_id_1': 29}
2026-08-13 08:47:37,760 - main - INFO - GET /documents - Status: 200 - Time: 0.009s
2026-08-13 08:47:37,761 - sqlalchemy.engine.Engine - INFO - ROLLBACK
2026-08-13 08:47:37,763 - httpx - INFO - HTTP Request: GET http://testserver/documents "HTTP/1.1 200 OK"
2026-08-13 08:47:37,766 - sqlalchemy.engine.Engine - INFO - BEGIN (implicit)
2026-08-13 08:47:37,767 - sqlalchemy.engine.Engine - INFO - SELECT "user".id, "user".username, "user".email, "user".hashed_password, "user".full_name, "user".role, "user".is_active, "user".created_at, "user".updated_at, "user".last_login 
FROM "user" 
WHERE "user".username = %(username_1)s
2026-08-13 08:47:37,767 - sqlalchemy.engine.Engine - INFO - [cached since 8.913s ago] {'username_1': 'testuserf7c55cee'}
2026-08-13 08:47:37,771 - sqlalchemy.engine.Engine - INFO - SELECT document.id, document.filename, document.original_filename, document.file_size, document.file_type, document.status, document.city, document.country, document.weather_data, document.weather_fetched_at, document.description, document.uploader_id, document.uploaded_at, document.updated_at, document.file_path, document.version 
FROM document 
WHERE document.uploader_id = %(uploader_id_1)s
2026-08-13 08:47:37,772 - sqlalchemy.engine.Engine - INFO - [cached since 5.875s ago] {'uploader_id_1': 29}
2026-08-13 08:47:37,774 - main - INFO - GET /documents - Status: 200 - Time: 0.010s
2026-08-13 08:47:37,775 - sqlalchemy.engine.Engine - INFO - ROLLBACK
2026-08-13 08:47:37,777 - httpx - INFO - HTTP Request: GET http://testserver/documents "HTTP/1.1 200 OK"
2026-08-13 08:47:37,780 - sqlalchemy.engine.Engine - INFO - BEGIN (implicit)
2026-08-13 08:47:37,781 - sqlalchemy.engine.Engine - INFO - SELECT "user".id, "user".username, "user".email, "user".hashed_password, "user".full_name, "user".role, "user".is_active, "user".created_at, "user".updated_at, "user".last_login 
FROM "user" 
WHERE "user".username = %(username_1)s
2026-08-13 08:47:37,781 - sqlalchemy.engine.Engine - INFO - [cached since 8.927s ago] {'username_1': 'testuserf7c55cee'}
2026-08-13 08:47:37,785 - sqlalchemy.engine.Engine - INFO - SELECT document.id, document.filename, document.original_filename, document.file_size, document.file_type, document.status, document.city, document.country, document.weather_data, document.weather_fetched_at, document.description, document.uploader_id, document.uploaded_at, document.updated_at, document.file_path, document.version 
FROM document 
WHERE document.uploader_id = %(uploader_id_1)s
2026-08-13 08:47:37,785 - sqlalchemy.engine.Engine - INFO - [cached since 5.888s ago] {'uploader_id_1': 29}
2026-08-13 08:47:37,787 - main - INFO - GET /documents - Status: 200 - Time: 0.009s
2026-08-13 08:47:37,788 - sqlalchemy.engine.Engine - INFO - ROLLBACK
2026-08-13 08:47:37,790 - httpx - INFO - HTTP Request: GET http://testserver/documents "HTTP/1.1 200 OK"
2026-08-13 08:47:37,794 - sqlalchemy.engine.Engine - INFO - BEGIN (implicit)
2026-08-13 08:47:37,794 - sqlalchemy.engine.Engine - INFO - SELECT "user".id, "user".username, "user".email, "user".hashed_password, "user".full_name, "user".role, "user".is_active, "user".created_at, "user".updated_at, "user".last_login 
FROM "user" 
WHERE "user".username = %(username_1)s
2026-08-13 08:47:37,794 - sqlalchemy.engine.Engine - INFO - [cached since 8.94s ago] {'username_1': 'testuserf7c55cee'}
2026-08-13 08:47:37,798 - sqlalchemy.engine.Engine - INFO - SELECT document.id, document.filename, document.original_filename, document.file_size, document.file_type, document.status, document.city, document.country, document.weather_data, document.weather_fetched_at, document.description, document.uploader_id, document.uploaded_at, document.updated_at, document.file_path, document.version 
FROM document 
WHERE document.uploader_id = %(uploader_id_1)s
2026-08-13 08:47:37,798 - sqlalchemy.engine.Engine - INFO - [cached since 5.902s ago] {'uploader_id_1': 29}
2026-08-13 08:47:37,802 - main - INFO - GET /documents - Status: 200 - Time: 0.010s
2026-08-13 08:47:37,803 - sqlalchemy.engine.Engine - INFO - ROLLBACK
2026-08-13 08:47:37,805 - httpx - INFO - HTTP Request: GET http://testserver/documents "HTTP/1.1 200 OK"
2026-08-13 08:47:37,808 - sqlalchemy.engine.Engine - INFO - BEGIN (implicit)
2026-08-13 08:47:37,809 - sqlalchemy.engine.Engine - INFO - SELECT "user".id, "user".username, "user".email, "user".hashed_password, "user".full_name, "user".role, "user".is_active, "user".created_at, "user".updated_at, "user".last_login 
FROM "user" 
WHERE "user".username = %(username_1)s
2026-08-13 08:47:37,809 - sqlalchemy.engine.Engine - INFO - [cached since 8.955s ago] {'username_1': 'testuserf7c55cee'}
2026-08-13 08:47:37,813 - sqlalchemy.engine.Engine - INFO - SELECT document.id, document.filename, document.original_filename, document.file_size, document.file_type, document.status, document.city, document.country, document.weather_data, document.weather_fetched_at, document.description, document.uploader_id, document.uploaded_at, document.updated_at, document.file_path, document.version 
FROM document 
WHERE document.uploader_id = %(uploader_id_1)s
2026-08-13 08:47:37,813 - sqlalchemy.engine.Engine - INFO - [cached since 5.916s ago] {'uploader_id_1': 29}
2026-08-13 08:47:37,815 - main - INFO - GET /documents - Status: 200 - Time: 0.009s
2026-08-13 08:47:37,816 - sqlalchemy.engine.Engine - INFO - ROLLBACK
2026-08-13 08:47:37,818 - httpx - INFO - HTTP Request: GET http://testserver/documents "HTTP/1.1 200 OK"
2026-08-13 08:47:37,822 - sqlalchemy.engine.Engine - INFO - BEGIN (implicit)
2026-08-13 08:47:37,822 - sqlalchemy.engine.Engine - INFO - SELECT "user".id, "user".username, "user".email, "user".hashed_password, "user".full_name, "user".role, "user".is_active, "user".created_at, "user".updated_at, "user".last_login 
FROM "user" 
WHERE "user".username = %(username_1)s
2026-08-13 08:47:37,822 - sqlalchemy.engine.Engine - INFO - [cached since 8.968s ago] {'username_1': 'testuserf7c55cee'}
2026-08-13 08:47:37,826 - sqlalchemy.engine.Engine - INFO - SELECT document.id, document.filename, document.original_filename, document.file_size, document.file_type, document.status, document.city, document.country, document.weather_data, document.weather_fetched_at, document.description, document.uploader_id, document.uploaded_at, document.updated_at, document.file_path, document.version 
FROM document 
WHERE document.uploader_id = %(uploader_id_1)s
2026-08-13 08:47:37,826 - sqlalchemy.engine.Engine - INFO - [cached since 5.93s ago] {'uploader_id_1': 29}
2026-08-13 08:47:37,829 - main - INFO - GET /documents - Status: 200 - Time: 0.009s
2026-08-13 08:47:37,830 - sqlalchemy.engine.Engine - INFO - ROLLBACK
2026-08-13 08:47:37,831 - httpx - INFO - HTTP Request: GET http://testserver/documents "HTTP/1.1 200 OK"
2026-08-13 08:47:37,836 - sqlalchemy.engine.Engine - INFO - BEGIN (implicit)
2026-08-13 08:47:37,837 - sqlalchemy.engine.Engine - INFO - SELECT "user".id, "user".username, "user".email, "user".hashed_password, "user".full_name, "user".role, "user".is_active, "user".created_at, "user".updated_at, "user".last_login 
FROM "user" 
WHERE "user".username = %(username_1)s
2026-08-13 08:47:37,837 - sqlalchemy.engine.Engine - INFO - [cached since 8.983s ago] {'username_1': 'testuserf7c55cee'}
2026-08-13 08:47:37,840 - sqlalchemy.engine.Engine - INFO - SELECT document.id, document.filename, document.original_filename, document.file_size, document.file_type, document.status, document.city, document.country, document.weather_data, document.weather_fetched_at, document.description, document.uploader_id, document.uploaded_at, document.updated_at, document.file_path, document.version 
FROM document 
WHERE document.uploader_id = %(uploader_id_1)s
2026-08-13 08:47:37,841 - sqlalchemy.engine.Engine - INFO - [cached since 5.944s ago] {'uploader_id_1': 29}
2026-08-13 08:47:37,843 - main - INFO - GET /documents - Status: 200 - Time: 0.010s
2026-08-13 08:47:37,844 - sqlalchemy.engine.Engine - INFO - ROLLBACK
2026-08-13 08:47:37,846 - httpx - INFO - HTTP Request: GET http://testserver/documents "HTTP/1.1 200 OK"
2026-08-13 08:47:37,849 - sqlalchemy.engine.Engine - INFO - BEGIN (implicit)
2026-08-13 08:47:37,850 - sqlalchemy.engine.Engine - INFO - SELECT "user".id, "user".username, "user".email, "user".hashed_password, "user".full_name, "user".role, "user".is_active, "user".created_at, "user".updated_at, "user".last_login 
FROM "user" 
WHERE "user".username = %(username_1)s
2026-08-13 08:47:37,850 - sqlalchemy.engine.Engine - INFO - [cached since 8.996s ago] {'username_1': 'testuserf7c55cee'}
2026-08-13 08:47:37,854 - sqlalchemy.engine.Engine - INFO - SELECT document.id, document.filename, document.original_filename, document.file_size, document.file_type, document.status, document.city, document.country, document.weather_data, document.weather_fetched_at, document.description, document.uploader_id, document.uploaded_at, document.updated_at, document.file_path, document.version 
FROM document 
WHERE document.uploader_id = %(uploader_id_1)s
2026-08-13 08:47:37,855 - sqlalchemy.engine.Engine - INFO - [cached since 5.958s ago] {'uploader_id_1': 29}
2026-08-13 08:47:37,857 - main - INFO - GET /documents - Status: 200 - Time: 0.010s
2026-08-13 08:47:37,858 - sqlalchemy.engine.Engine - INFO - ROLLBACK
2026-08-13 08:47:37,860 - httpx - INFO - HTTP Request: GET http://testserver/documents "HTTP/1.1 200 OK"
2026-08-13 08:47:37,863 - sqlalchemy.engine.Engine - INFO - BEGIN (implicit)
2026-08-13 08:47:37,864 - sqlalchemy.engine.Engine - INFO - SELECT "user".id, "user".username, "user".email, "user".hashed_password, "user".full_name, "user".role, "user".is_active, "user".created_at, "user".updated_at, "user".last_login 
FROM "user" 
WHERE "user".username = %(username_1)s
2026-08-13 08:47:37,864 - sqlalchemy.engine.Engine - INFO - [cached since 9.01s ago] {'username_1': 'testuserf7c55cee'}
2026-08-13 08:47:37,868 - sqlalchemy.engine.Engine - INFO - SELECT document.id, document.filename, document.original_filename, document.file_size, document.file_type, document.status, document.city, document.country, document.weather_data, document.weather_fetched_at, document.description, document.uploader_id, document.uploaded_at, document.updated_at, document.file_path, document.version 
FROM document 
WHERE document.uploader_id = %(uploader_id_1)s
2026-08-13 08:47:37,868 - sqlalchemy.engine.Engine - INFO - [cached since 5.971s ago] {'uploader_id_1': 29}
2026-08-13 08:47:37,871 - main - INFO - GET /documents - Status: 200 - Time: 0.009s
2026-08-13 08:47:37,871 - sqlalchemy.engine.Engine - INFO - ROLLBACK
2026-08-13 08:47:37,873 - httpx - INFO - HTTP Request: GET http://testserver/documents "HTTP/1.1 200 OK"
2026-08-13 08:47:37,877 - sqlalchemy.engine.Engine - INFO - BEGIN (implicit)
2026-08-13 08:47:37,877 - sqlalchemy.engine.Engine - INFO - SELECT "user".id, "user".username, "user".email, "user".hashed_password, "user".full_name, "user".role, "user".is_active, "user".created_at, "user".updated_at, "user".last_login 
FROM "user" 
WHERE "user".username = %(username_1)s
2026-08-13 08:47:37,878 - sqlalchemy.engine.Engine - INFO - [cached since 9.023s ago] {'username_1': 'testuserf7c55cee'}
2026-08-13 08:47:37,881 - sqlalchemy.engine.Engine - INFO - SELECT document.id, document.filename, document.original_filename, document.file_size, document.file_type, document.status, document.city, document.country, document.weather_data, document.weather_fetched_at, document.description, document.uploader_id, document.uploaded_at, document.updated_at, document.file_path, document.version 
FROM document 
WHERE document.uploader_id = %(uploader_id_1)s
2026-08-13 08:47:37,881 - sqlalchemy.engine.Engine - INFO - [cached since 5.985s ago] {'uploader_id_1': 29}
2026-08-13 08:47:37,884 - main - INFO - GET /documents - Status: 200 - Time: 0.009s
2026-08-13 08:47:37,885 - sqlalchemy.engine.Engine - INFO - ROLLBACK
2026-08-13 08:47:37,887 - httpx - INFO - HTTP Request: GET http://testserver/documents "HTTP/1.1 200 OK"
2026-08-13 08:47:37,890 - sqlalchemy.engine.Engine - INFO - BEGIN (implicit)
2026-08-13 08:47:37,891 - sqlalchemy.engine.Engine - INFO - SELECT "user".id, "user".username, "user".email, "user".hashed_password, "user".full_name, "user".role, "user".is_active, "user".created_at, "user".updated_at, "user".last_login 
FROM "user" 
WHERE "user".username = %(username_1)s
2026-08-13 08:47:37,891 - sqlalchemy.engine.Engine - INFO - [cached since 9.037s ago] {'username_1': 'testuserf7c55cee'}
2026-08-13 08:47:37,895 - sqlalchemy.engine.Engine - INFO - SELECT document.id, document.filename, document.original_filename, document.file_size, document.file_type, document.status, document.city, document.country, document.weather_data, document.weather_fetched_at, document.description, document.uploader_id, document.uploaded_at, document.updated_at, document.file_path, document.version 
FROM document 
WHERE document.uploader_id = %(uploader_id_1)s
2026-08-13 08:47:37,895 - sqlalchemy.engine.Engine - INFO - [cached since 5.999s ago] {'uploader_id_1': 29}
2026-08-13 08:47:37,898 - main - INFO - GET /documents - Status: 200 - Time: 0.009s
2026-08-13 08:47:37,898 - sqlalchemy.engine.Engine - INFO - ROLLBACK
2026-08-13 08:47:37,900 - httpx - INFO - HTTP Request: GET http://testserver/documents "HTTP/1.1 200 OK"
2026-08-13 08:47:37,904 - sqlalchemy.engine.Engine - INFO - BEGIN (implicit)
2026-08-13 08:47:37,904 - sqlalchemy.engine.Engine - INFO - SELECT "user".id, "user".username, "user".email, "user".hashed_password, "user".full_name, "user".role, "user".is_active, "user".created_at, "user".updated_at, "user".last_login 
FROM "user" 
WHERE "user".username = %(username_1)s
2026-08-13 08:47:37,905 - sqlalchemy.engine.Engine - INFO - [cached since 9.05s ago] {'username_1': 'testuserf7c55cee'}
2026-08-13 08:47:37,908 - sqlalchemy.engine.Engine - INFO - SELECT document.id, document.filename, document.original_filename, document.file_size, document.file_type, document.status, document.city, document.country, document.weather_data, document.weather_fetched_at, document.description, document.uploader_id, document.uploaded_at, document.updated_at, document.file_path, document.version 
FROM document 
WHERE document.uploader_id = %(uploader_id_1)s
2026-08-13 08:47:37,909 - sqlalchemy.engine.Engine - INFO - [cached since 6.012s ago] {'uploader_id_1': 29}
2026-08-13 08:47:37,911 - main - INFO - GET /documents - Status: 200 - Time: 0.009s
2026-08-13 08:47:37,912 - sqlalchemy.engine.Engine - INFO - ROLLBACK
2026-08-13 08:47:37,914 - httpx - INFO - HTTP Request: GET http://testserver/documents "HTTP/1.1 200 OK"
2026-08-13 08:47:37,917 - sqlalchemy.engine.Engine - INFO - BEGIN (implicit)
2026-08-13 08:47:37,918 - sqlalchemy.engine.Engine - INFO - SELECT "user".id, "user".username, "user".email, "user".hashed_password, "user".full_name, "user".role, "user".is_active, "user".created_at, "user".updated_at, "user".last_login 
FROM "user" 
WHERE "user".username = %(username_1)s
2026-08-13 08:47:37,918 - sqlalchemy.engine.Engine - INFO - [cached since 9.064s ago] {'username_1': 'testuserf7c55cee'}
2026-08-13 08:47:37,922 - sqlalchemy.engine.Engine - INFO - SELECT document.id, document.filename, document.original_filename, document.file_size, document.file_type, document.status, document.city, document.country, document.weather_data, document.weather_fetched_at, document.description, document.uploader_id, document.uploaded_at, document.updated_at, document.file_path, document.version 
FROM document 
WHERE document.uploader_id = %(uploader_id_1)s
2026-08-13 08:47:37,922 - sqlalchemy.engine.Engine - INFO - [cached since 6.025s ago] {'uploader_id_1': 29}
2026-08-13 08:47:37,924 - main - INFO - GET /documents - Status: 200 - Time: 0.009s
2026-08-13 08:47:37,925 - sqlalchemy.engine.Engine - INFO - ROLLBACK
2026-08-13 08:47:37,927 - httpx - INFO - HTTP Request: GET http://testserver/documents "HTTP/1.1 200 OK"
2026-08-13 08:47:37,930 - sqlalchemy.engine.Engine - INFO - BEGIN (implicit)
2026-08-13 08:47:37,931 - sqlalchemy.engine.Engine - INFO - SELECT "user".id, "user".username, "user".email, "user".hashed_password, "user".full_name, "user".role, "user".is_active, "user".created_at, "user".updated_at, "user".last_login 
FROM "user" 
WHERE "user".username = %(username_1)s
2026-08-13 08:47:37,931 - sqlalchemy.engine.Engine - INFO - [cached since 9.077s ago] {'username_1': 'testuserf7c55cee'}
2026-08-13 08:47:37,935 - sqlalchemy.engine.Engine - INFO - SELECT document.id, document.filename, document.original_filename, document.file_size, document.file_type, document.status, document.city, document.country, document.weather_data, document.weather_fetched_at, document.description, document.uploader_id, document.uploaded_at, document.updated_at, document.file_path, document.version 
FROM document 
WHERE document.uploader_id = %(uploader_id_1)s
2026-08-13 08:47:37,935 - sqlalchemy.engine.Engine - INFO - [cached since 6.039s ago] {'uploader_id_1': 29}
2026-08-13 08:47:37,938 - main - INFO - GET /documents - Status: 200 - Time: 0.009s
2026-08-13 08:47:37,939 - sqlalchemy.engine.Engine - INFO - ROLLBACK
2026-08-13 08:47:37,940 - httpx - INFO - HTTP Request: GET http://testserver/documents "HTTP/1.1 200 OK"
2026-08-13 08:47:37,944 - sqlalchemy.engine.Engine - INFO - BEGIN (implicit)
2026-08-13 08:47:37,944 - sqlalchemy.engine.Engine - INFO - SELECT "user".id, "user".username, "user".email, "user".hashed_password, "user".full_name, "user".role, "user".is_active, "user".created_at, "user".updated_at, "user".last_login 
FROM "user" 
WHERE "user".username = %(username_1)s
2026-08-13 08:47:37,945 - sqlalchemy.engine.Engine - INFO - [cached since 9.09s ago] {'username_1': 'testuserf7c55cee'}
2026-08-13 08:47:37,948 - sqlalchemy.engine.Engine - INFO - SELECT document.id, document.filename, document.original_filename, document.file_size, document.file_type, document.status, document.city, document.country, document.weather_data, document.weather_fetched_at, document.description, document.uploader_id, document.uploaded_at, document.updated_at, document.file_path, document.version 
FROM document 
WHERE document.uploader_id = %(uploader_id_1)s
2026-08-13 08:47:37,949 - sqlalchemy.engine.Engine - INFO - [cached since 6.052s ago] {'uploader_id_1': 29}
2026-08-13 08:47:37,951 - main - INFO - GET /documents - Status: 200 - Time: 0.009s
2026-08-13 08:47:37,952 - sqlalchemy.engine.Engine - INFO - ROLLBACK
2026-08-13 08:47:37,954 - httpx - INFO - HTTP Request: GET http://testserver/documents "HTTP/1.1 200 OK"
2026-08-13 08:47:37,957 - sqlalchemy.engine.Engine - INFO - BEGIN (implicit)
2026-08-13 08:47:37,958 - sqlalchemy.engine.Engine - INFO - SELECT "user".id, "user".username, "user".email, "user".hashed_password, "user".full_name, "user".role, "user".is_active, "user".created_at, "user".updated_at, "user".last_login 
FROM "user" 
WHERE "user".username = %(username_1)s
2026-08-13 08:47:37,958 - sqlalchemy.engine.Engine - INFO - [cached since 9.104s ago] {'username_1': 'testuserf7c55cee'}
2026-08-13 08:47:37,962 - sqlalchemy.engine.Engine - INFO - SELECT document.id, document.filename, document.original_filename, document.file_size, document.file_type, document.status, document.city, document.country, document.weather_data, document.weather_fetched_at, document.description, document.uploader_id, document.uploaded_at, document.updated_at, document.file_path, document.version 
FROM document 
WHERE document.uploader_id = %(uploader_id_1)s
2026-08-13 08:47:37,962 - sqlalchemy.engine.Engine - INFO - [cached since 6.065s ago] {'uploader_id_1': 29}
2026-08-13 08:47:37,965 - main - INFO - GET /documents - Status: 200 - Time: 0.009s
2026-08-13 08:47:37,965 - sqlalchemy.engine.Engine - INFO - ROLLBACK
2026-08-13 08:47:37,967 - httpx - INFO - HTTP Request: GET http://testserver/documents "HTTP/1.1 200 OK"
2026-08-13 08:47:37,971 - sqlalchemy.engine.Engine - INFO - BEGIN (implicit)
2026-08-13 08:47:37,971 - sqlalchemy.engine.Engine - INFO - SELECT "user".id, "user".username, "user".email, "user".hashed_password, "user".full_name, "user".role, "user".is_active, "user".created_at, "user".updated_at, "user".last_login 
FROM "user" 
WHERE "user".username = %(username_1)s
2026-08-13 08:47:37,972 - sqlalchemy.engine.Engine - INFO - [cached since 9.117s ago] {'username_1': 'testuserf7c55cee'}
2026-08-13 08:47:37,975 - sqlalchemy.engine.Engine - INFO - SELECT document.id, document.filename, document.original_filename, document.file_size, document.file_type, document.status, document.city, document.country, document.weather_data, document.weather_fetched_at, document.description, document.uploader_id, document.uploaded_at, document.updated_at, document.file_path, document.version 
FROM document 
WHERE document.uploader_id = %(uploader_id_1)s
2026-08-13 08:47:37,975 - sqlalchemy.engine.Engine - INFO - [cached since 6.079s ago] {'uploader_id_1': 29}
2026-08-13 08:47:37,978 - main - INFO - GET /documents - Status: 200 - Time: 0.009s
2026-08-13 08:47:37,979 - sqlalchemy.engine.Engine - INFO - ROLLBACK
2026-08-13 08:47:37,980 - httpx - INFO - HTTP Request: GET http://testserver/documents "HTTP/1.1 200 OK"
2026-08-13 08:47:37,984 - sqlalchemy.engine.Engine - INFO - BEGIN (implicit)
2026-08-13 08:47:37,984 - sqlalchemy.engine.Engine - INFO - SELECT "user".id, "user".username, "user".email, "user".hashed_password, "user".full_name, "user".role, "user".is_active, "user".created_at, "user".updated_at, "user".last_login 
FROM "user" 
WHERE "user".username = %(username_1)s
2026-08-13 08:47:37,985 - sqlalchemy.engine.Engine - INFO - [cached since 9.13s ago] {'username_1': 'testuserf7c55cee'}
2026-08-13 08:47:37,989 - sqlalchemy.engine.Engine - INFO - SELECT document.id, document.filename, document.original_filename, document.file_size, document.file_type, document.status, document.city, document.country, document.weather_data, document.weather_fetched_at, document.description, document.uploader_id, document.uploaded_at, document.updated_at, document.file_path, document.version 
FROM document 
WHERE document.uploader_id = %(uploader_id_1)s
2026-08-13 08:47:37,989 - sqlalchemy.engine.Engine - INFO - [cached since 6.092s ago] {'uploader_id_1': 29}
2026-08-13 08:47:37,992 - main - INFO - GET /documents - Status: 200 - Time: 0.010s
2026-08-13 08:47:37,993 - sqlalchemy.engine.Engine - INFO - ROLLBACK
2026-08-13 08:47:37,995 - httpx - INFO - HTTP Request: GET http://testserver/documents "HTTP/1.1 200 OK"
2026-08-13 08:47:37,998 - sqlalchemy.engine.Engine - INFO - BEGIN (implicit)
2026-08-13 08:47:37,999 - sqlalchemy.engine.Engine - INFO - SELECT "user".id, "user".username, "user".email, "user".hashed_password, "user".full_name, "user".role, "user".is_active, "user".created_at, "user".updated_at, "user".last_login 
FROM "user" 
WHERE "user".username = %(username_1)s
2026-08-13 08:47:37,999 - sqlalchemy.engine.Engine - INFO - [cached since 9.145s ago] {'username_1': 'testuserf7c55cee'}
2026-08-13 08:47:38,003 - sqlalchemy.engine.Engine - INFO - SELECT document.id, document.filename, document.original_filename, document.file_size, document.file_type, document.status, document.city, document.country, document.weather_data, document.weather_fetched_at, document.description, document.uploader_id, document.uploaded_at, document.updated_at, document.file_path, document.version 
FROM document 
WHERE document.uploader_id = %(uploader_id_1)s
2026-08-13 08:47:38,003 - sqlalchemy.engine.Engine - INFO - [cached since 6.106s ago] {'uploader_id_1': 29}
2026-08-13 08:47:38,006 - main - INFO - GET /documents - Status: 200 - Time: 0.009s
2026-08-13 08:47:38,006 - sqlalchemy.engine.Engine - INFO - ROLLBACK
2026-08-13 08:47:38,008 - httpx - INFO - HTTP Request: GET http://testserver/documents "HTTP/1.1 200 OK"
2026-08-13 08:47:38,012 - sqlalchemy.engine.Engine - INFO - BEGIN (implicit)
2026-08-13 08:47:38,012 - sqlalchemy.engine.Engine - INFO - SELECT "user".id, "user".username, "user".email, "user".hashed_password, "user".full_name, "user".role, "user".is_active, "user".created_at, "user".updated_at, "user".last_login 
FROM "user" 
WHERE "user".username = %(username_1)s
2026-08-13 08:47:38,013 - sqlalchemy.engine.Engine - INFO - [cached since 9.159s ago] {'username_1': 'testuserf7c55cee'}
2026-08-13 08:47:38,016 - sqlalchemy.engine.Engine - INFO - SELECT document.id, document.filename, document.original_filename, document.file_size, document.file_type, document.status, document.city, document.country, document.weather_data, document.weather_fetched_at, document.description, document.uploader_id, document.uploaded_at, document.updated_at, document.file_path, document.version 
FROM document 
WHERE document.uploader_id = %(uploader_id_1)s
2026-08-13 08:47:38,017 - sqlalchemy.engine.Engine - INFO - [cached since 6.12s ago] {'uploader_id_1': 29}
2026-08-13 08:47:38,019 - main - INFO - GET /documents - Status: 200 - Time: 0.009s
2026-08-13 08:47:38,020 - sqlalchemy.engine.Engine - INFO - ROLLBACK
2026-08-13 08:47:38,022 - httpx - INFO - HTTP Request: GET http://testserver/documents "HTTP/1.1 200 OK"
2026-08-13 08:47:38,025 - sqlalchemy.engine.Engine - INFO - BEGIN (implicit)
2026-08-13 08:47:38,026 - sqlalchemy.engine.Engine - INFO - SELECT "user".id, "user".username, "user".email, "user".hashed_password, "user".full_name, "user".role, "user".is_active, "user".created_at, "user".updated_at, "user".last_login 
FROM "user" 
WHERE "user".username = %(username_1)s
2026-08-13 08:47:38,026 - sqlalchemy.engine.Engine - INFO - [cached since 9.172s ago] {'username_1': 'testuserf7c55cee'}
2026-08-13 08:47:38,030 - sqlalchemy.engine.Engine - INFO - SELECT document.id, document.filename, document.original_filename, document.file_size, document.file_type, document.status, document.city, document.country, document.weather_data, document.weather_fetched_at, document.description, document.uploader_id, document.uploaded_at, document.updated_at, document.file_path, document.version 
FROM document 
WHERE document.uploader_id = %(uploader_id_1)s
2026-08-13 08:47:38,030 - sqlalchemy.engine.Engine - INFO - [cached since 6.134s ago] {'uploader_id_1': 29}
2026-08-13 08:47:38,033 - main - INFO - GET /documents - Status: 200 - Time: 0.009s
2026-08-13 08:47:38,034 - sqlalchemy.engine.Engine - INFO - ROLLBACK
2026-08-13 08:47:38,036 - httpx - INFO - HTTP Request: GET http://testserver/documents "HTTP/1.1 200 OK"
2026-08-13 08:47:38,039 - sqlalchemy.engine.Engine - INFO - BEGIN (implicit)
2026-08-13 08:47:38,040 - sqlalchemy.engine.Engine - INFO - SELECT "user".id, "user".username, "user".email, "user".hashed_password, "user".full_name, "user".role, "user".is_active, "user".created_at, "user".updated_at, "user".last_login 
FROM "user" 
WHERE "user".username = %(username_1)s
2026-08-13 08:47:38,040 - sqlalchemy.engine.Engine - INFO - [cached since 9.186s ago] {'username_1': 'testuserf7c55cee'}
2026-08-13 08:47:38,044 - sqlalchemy.engine.Engine - INFO - SELECT document.id, document.filename, document.original_filename, document.file_size, document.file_type, document.status, document.city, document.country, document.weather_data, document.weather_fetched_at, document.description, document.uploader_id, document.uploaded_at, document.updated_at, document.file_path, document.version 
FROM document 
WHERE document.uploader_id = %(uploader_id_1)s
2026-08-13 08:47:38,044 - sqlalchemy.engine.Engine - INFO - [cached since 6.147s ago] {'uploader_id_1': 29}
2026-08-13 08:47:38,046 - main - INFO - GET /documents - Status: 200 - Time: 0.009s
2026-08-13 08:47:38,047 - sqlalchemy.engine.Engine - INFO - ROLLBACK
2026-08-13 08:47:38,049 - httpx - INFO - HTTP Request: GET http://testserver/documents "HTTP/1.1 200 OK"
2026-08-13 08:47:38,053 - sqlalchemy.engine.Engine - INFO - BEGIN (implicit)
2026-08-13 08:47:38,053 - sqlalchemy.engine.Engine - INFO - SELECT "user".id, "user".username, "user".email, "user".hashed_password, "user".full_name, "user".role, "user".is_active, "user".created_at, "user".updated_at, "user".last_login 
FROM "user" 
WHERE "user".username = %(username_1)s
2026-08-13 08:47:38,053 - sqlalchemy.engine.Engine - INFO - [cached since 9.199s ago] {'username_1': 'testuserf7c55cee'}
2026-08-13 08:47:38,057 - sqlalchemy.engine.Engine - INFO - SELECT document.id, document.filename, document.original_filename, document.file_size, document.file_type, document.status, document.city, document.country, document.weather_data, document.weather_fetched_at, document.description, document.uploader_id, document.uploaded_at, document.updated_at, document.file_path, document.version 
FROM document 
WHERE document.uploader_id = %(uploader_id_1)s
2026-08-13 08:47:38,057 - sqlalchemy.engine.Engine - INFO - [cached since 6.161s ago] {'uploader_id_1': 29}
2026-08-13 08:47:38,060 - main - INFO - GET /documents - Status: 200 - Time: 0.009s
2026-08-13 08:47:38,061 - sqlalchemy.engine.Engine - INFO - ROLLBACK
2026-08-13 08:47:38,063 - httpx - INFO - HTTP Request: GET http://testserver/documents "HTTP/1.1 200 OK"
2026-08-13 08:47:38,066 - sqlalchemy.engine.Engine - INFO - BEGIN (implicit)
2026-08-13 08:47:38,067 - sqlalchemy.engine.Engine - INFO - SELECT "user".id, "user".username, "user".email, "user".hashed_password, "user".full_name, "user".role, "user".is_active, "user".created_at, "user".updated_at, "user".last_login 
FROM "user" 
WHERE "user".username = %(username_1)s
2026-08-13 08:47:38,067 - sqlalchemy.engine.Engine - INFO - [cached since 9.213s ago] {'username_1': 'testuserf7c55cee'}
2026-08-13 08:47:38,071 - sqlalchemy.engine.Engine - INFO - SELECT document.id, document.filename, document.original_filename, document.file_size, document.file_type, document.status, document.city, document.country, document.weather_data, document.weather_fetched_at, document.description, document.uploader_id, document.uploaded_at, document.updated_at, document.file_path, document.version 
FROM document 
WHERE document.uploader_id = %(uploader_id_1)s
2026-08-13 08:47:38,071 - sqlalchemy.engine.Engine - INFO - [cached since 6.174s ago] {'uploader_id_1': 29}
2026-08-13 08:47:38,073 - main - INFO - GET /documents - Status: 200 - Time: 0.009s
2026-08-13 08:47:38,074 - sqlalchemy.engine.Engine - INFO - ROLLBACK
2026-08-13 08:47:38,076 - httpx - INFO - HTTP Request: GET http://testserver/documents "HTTP/1.1 200 OK"
2026-08-13 08:47:38,079 - sqlalchemy.engine.Engine - INFO - BEGIN (implicit)
2026-08-13 08:47:38,080 - sqlalchemy.engine.Engine - INFO - SELECT "user".id, "user".username, "user".email, "user".hashed_password, "user".full_name, "user".role, "user".is_active, "user".created_at, "user".updated_at, "user".last_login 
FROM "user" 
WHERE "user".username = %(username_1)s
2026-08-13 08:47:38,080 - sqlalchemy.engine.Engine - INFO - [cached since 9.226s ago] {'username_1': 'testuserf7c55cee'}
2026-08-13 08:47:38,084 - sqlalchemy.engine.Engine - INFO - SELECT document.id, document.filename, document.original_filename, document.file_size, document.file_type, document.status, document.city, document.country, document.weather_data, document.weather_fetched_at, document.description, document.uploader_id, document.uploaded_at, document.updated_at, document.file_path, document.version 
FROM document 
WHERE document.uploader_id = %(uploader_id_1)s
2026-08-13 08:47:38,084 - sqlalchemy.engine.Engine - INFO - [cached since 6.188s ago] {'uploader_id_1': 29}
2026-08-13 08:47:38,087 - main - INFO - GET /documents - Status: 200 - Time: 0.009s
2026-08-13 08:47:38,088 - sqlalchemy.engine.Engine - INFO - ROLLBACK
2026-08-13 08:47:38,090 - httpx - INFO - HTTP Request: GET http://testserver/documents "HTTP/1.1 200 OK"
2026-08-13 08:47:38,093 - sqlalchemy.engine.Engine - INFO - BEGIN (implicit)
2026-08-13 08:47:38,094 - sqlalchemy.engine.Engine - INFO - SELECT "user".id, "user".username, "user".email, "user".hashed_password, "user".full_name, "user".role, "user".is_active, "user".created_at, "user".updated_at, "user".last_login 
FROM "user" 
WHERE "user".username = %(username_1)s
2026-08-13 08:47:38,094 - sqlalchemy.engine.Engine - INFO - [cached since 9.24s ago] {'username_1': 'testuserf7c55cee'}
2026-08-13 08:47:38,098 - sqlalchemy.engine.Engine - INFO - SELECT document.id, document.filename, document.original_filename, document.file_size, document.file_type, document.status, document.city, document.country, document.weather_data, document.weather_fetched_at, document.description, document.uploader_id, document.uploaded_at, document.updated_at, document.file_path, document.version 
FROM document 
WHERE document.uploader_id = %(uploader_id_1)s
2026-08-13 08:47:38,098 - sqlalchemy.engine.Engine - INFO - [cached since 6.201s ago] {'uploader_id_1': 29}
2026-08-13 08:47:38,100 - main - INFO - GET /documents - Status: 200 - Time: 0.009s
2026-08-13 08:47:38,101 - sqlalchemy.engine.Engine - INFO - ROLLBACK
2026-08-13 08:47:38,103 - httpx - INFO - HTTP Request: GET http://testserver/documents "HTTP/1.1 200 OK"
2026-08-13 08:47:38,107 - sqlalchemy.engine.Engine - INFO - BEGIN (implicit)
2026-08-13 08:47:38,107 - sqlalchemy.engine.Engine - INFO - SELECT "user".id, "user".username, "user".email, "user".hashed_password, "user".full_name, "user".role, "user".is_active, "user".created_at, "user".updated_at, "user".last_login 
FROM "user" 
WHERE "user".username = %(username_1)s
2026-08-13 08:47:38,107 - sqlalchemy.engine.Engine - INFO - [cached since 9.253s ago] {'username_1': 'testuserf7c55cee'}
2026-08-13 08:47:38,111 - sqlalchemy.engine.Engine - INFO - SELECT document.id, document.filename, document.original_filename, document.file_size, document.file_type, document.status, document.city, document.country, document.weather_data, document.weather_fetched_at, document.description, document.uploader_id, document.uploaded_at, document.updated_at, document.file_path, document.version 
FROM document 
WHERE document.uploader_id = %(uploader_id_1)s
2026-08-13 08:47:38,112 - sqlalchemy.engine.Engine - INFO - [cached since 6.215s ago] {'uploader_id_1': 29}
2026-08-13 08:47:38,114 - main - INFO - GET /documents - Status: 200 - Time: 0.009s
2026-08-13 08:47:38,115 - sqlalchemy.engine.Engine - INFO - ROLLBACK
2026-08-13 08:47:38,117 - httpx - INFO - HTTP Request: GET http://testserver/documents "HTTP/1.1 200 OK"
2026-08-13 08:47:38,120 - sqlalchemy.engine.Engine - INFO - BEGIN (implicit)
2026-08-13 08:47:38,121 - sqlalchemy.engine.Engine - INFO - SELECT "user".id, "user".username, "user".email, "user".hashed_password, "user".full_name, "user".role, "user".is_active, "user".created_at, "user".updated_at, "user".last_login 
FROM "user" 
WHERE "user".username = %(username_1)s
2026-08-13 08:47:38,121 - sqlalchemy.engine.Engine - INFO - [cached since 9.267s ago] {'username_1': 'testuserf7c55cee'}
2026-08-13 08:47:38,125 - sqlalchemy.engine.Engine - INFO - SELECT document.id, document.filename, document.original_filename, document.file_size, document.file_type, document.status, document.city, document.country, document.weather_data, document.weather_fetched_at, document.description, document.uploader_id, document.uploaded_at, document.updated_at, document.file_path, document.version 
FROM document 
WHERE document.uploader_id = %(uploader_id_1)s
2026-08-13 08:47:38,125 - sqlalchemy.engine.Engine - INFO - [cached since 6.229s ago] {'uploader_id_1': 29}
2026-08-13 08:47:38,128 - main - INFO - GET /documents - Status: 200 - Time: 0.009s
2026-08-13 08:47:38,129 - sqlalchemy.engine.Engine - INFO - ROLLBACK
2026-08-13 08:47:38,130 - httpx - INFO - HTTP Request: GET http://testserver/documents "HTTP/1.1 200 OK"
2026-08-13 08:47:38,134 - sqlalchemy.engine.Engine - INFO - BEGIN (implicit)
2026-08-13 08:47:38,134 - sqlalchemy.engine.Engine - INFO - SELECT "user".id, "user".username, "user".email, "user".hashed_password, "user".full_name, "user".role, "user".is_active, "user".created_at, "user".updated_at, "user".last_login 
FROM "user" 
WHERE "user".username = %(username_1)s
2026-08-13 08:47:38,135 - sqlalchemy.engine.Engine - INFO - [cached since 9.281s ago] {'username_1': 'testuserf7c55cee'}
2026-08-13 08:47:38,139 - sqlalchemy.engine.Engine - INFO - SELECT document.id, document.filename, document.original_filename, document.file_size, document.file_type, document.status, document.city, document.country, document.weather_data, document.weather_fetched_at, document.description, document.uploader_id, document.uploaded_at, document.updated_at, document.file_path, document.version 
FROM document 
WHERE document.uploader_id = %(uploader_id_1)s
2026-08-13 08:47:38,139 - sqlalchemy.engine.Engine - INFO - [cached since 6.242s ago] {'uploader_id_1': 29}
2026-08-13 08:47:38,141 - main - INFO - GET /documents - Status: 200 - Time: 0.009s
2026-08-13 08:47:38,142 - sqlalchemy.engine.Engine - INFO - ROLLBACK
2026-08-13 08:47:38,144 - httpx - INFO - HTTP Request: GET http://testserver/documents "HTTP/1.1 200 OK"
2026-08-13 08:47:38,148 - sqlalchemy.engine.Engine - INFO - BEGIN (implicit)
2026-08-13 08:47:38,148 - sqlalchemy.engine.Engine - INFO - SELECT "user".id, "user".username, "user".email, "user".hashed_password, "user".full_name, "user".role, "user".is_active, "user".created_at, "user".updated_at, "user".last_login 
FROM "user" 
WHERE "user".username = %(username_1)s
2026-08-13 08:47:38,148 - sqlalchemy.engine.Engine - INFO - [cached since 9.294s ago] {'username_1': 'testuserf7c55cee'}
2026-08-13 08:47:38,152 - sqlalchemy.engine.Engine - INFO - SELECT document.id, document.filename, document.original_filename, document.file_size, document.file_type, document.status, document.city, document.country, document.weather_data, document.weather_fetched_at, document.description, document.uploader_id, document.uploaded_at, document.updated_at, document.file_path, document.version 
FROM document 
WHERE document.uploader_id = %(uploader_id_1)s
2026-08-13 08:47:38,153 - sqlalchemy.engine.Engine - INFO - [cached since 6.256s ago] {'uploader_id_1': 29}
2026-08-13 08:47:38,155 - main - INFO - GET /documents - Status: 200 - Time: 0.009s
2026-08-13 08:47:38,156 - sqlalchemy.engine.Engine - INFO - ROLLBACK
2026-08-13 08:47:38,158 - httpx - INFO - HTTP Request: GET http://testserver/documents "HTTP/1.1 200 OK"
2026-08-13 08:47:38,161 - sqlalchemy.engine.Engine - INFO - BEGIN (implicit)
2026-08-13 08:47:38,162 - sqlalchemy.engine.Engine - INFO - SELECT "user".id, "user".username, "user".email, "user".hashed_password, "user".full_name, "user".role, "user".is_active, "user".created_at, "user".updated_at, "user".last_login 
FROM "user" 
WHERE "user".username = %(username_1)s
2026-08-13 08:47:38,162 - sqlalchemy.engine.Engine - INFO - [cached since 9.308s ago] {'username_1': 'testuserf7c55cee'}
2026-08-13 08:47:38,166 - sqlalchemy.engine.Engine - INFO - SELECT document.id, document.filename, document.original_filename, document.file_size, document.file_type, document.status, document.city, document.country, document.weather_data, document.weather_fetched_at, document.description, document.uploader_id, document.uploaded_at, document.updated_at, document.file_path, document.version 
FROM document 
WHERE document.uploader_id = %(uploader_id_1)s
2026-08-13 08:47:38,166 - sqlalchemy.engine.Engine - INFO - [cached since 6.269s ago] {'uploader_id_1': 29}
2026-08-13 08:47:38,169 - main - INFO - GET /documents - Status: 200 - Time: 0.010s
2026-08-13 08:47:38,169 - sqlalchemy.engine.Engine - INFO - ROLLBACK
2026-08-13 08:47:38,171 - httpx - INFO - HTTP Request: GET http://testserver/documents "HTTP/1.1 200 OK"
2026-08-13 08:47:38,175 - sqlalchemy.engine.Engine - INFO - BEGIN (implicit)
2026-08-13 08:47:38,175 - sqlalchemy.engine.Engine - INFO - SELECT "user".id, "user".username, "user".email, "user".hashed_password, "user".full_name, "user".role, "user".is_active, "user".created_at, "user".updated_at, "user".last_login 
FROM "user" 
WHERE "user".username = %(username_1)s
2026-08-13 08:47:38,176 - sqlalchemy.engine.Engine - INFO - [cached since 9.321s ago] {'username_1': 'testuserf7c55cee'}
2026-08-13 08:47:38,179 - sqlalchemy.engine.Engine - INFO - SELECT document.id, document.filename, document.original_filename, document.file_size, document.file_type, document.status, document.city, document.country, document.weather_data, document.weather_fetched_at, document.description, document.uploader_id, document.uploaded_at, document.updated_at, document.file_path, document.version 
FROM document 
WHERE document.uploader_id = %(uploader_id_1)s
2026-08-13 08:47:38,180 - sqlalchemy.engine.Engine - INFO - [cached since 6.283s ago] {'uploader_id_1': 29}
2026-08-13 08:47:38,182 - main - INFO - GET /documents - Status: 200 - Time: 0.009s
2026-08-13 08:47:38,183 - sqlalchemy.engine.Engine - INFO - ROLLBACK
2026-08-13 08:47:38,185 - httpx - INFO - HTTP Request: GET http://testserver/documents "HTTP/1.1 200 OK"
2026-08-13 08:47:38,189 - sqlalchemy.engine.Engine - INFO - BEGIN (implicit)
2026-08-13 08:47:38,189 - sqlalchemy.engine.Engine - INFO - SELECT "user".id, "user".username, "user".email, "user".hashed_password, "user".full_name, "user".role, "user".is_active, "user".created_at, "user".updated_at, "user".last_login 
FROM "user" 
WHERE "user".username = %(username_1)s
2026-08-13 08:47:38,189 - sqlalchemy.engine.Engine - INFO - [cached since 9.335s ago] {'username_1': 'testuserf7c55cee'}
2026-08-13 08:47:38,193 - sqlalchemy.engine.Engine - INFO - SELECT document.id, document.filename, document.original_filename, document.file_size, document.file_type, document.status, document.city, document.country, document.weather_data, document.weather_fetched_at, document.description, document.uploader_id, document.uploaded_at, document.updated_at, document.file_path, document.version 
FROM document 
WHERE document.uploader_id = %(uploader_id_1)s
2026-08-13 08:47:38,193 - sqlalchemy.engine.Engine - INFO - [cached since 6.297s ago] {'uploader_id_1': 29}
2026-08-13 08:47:38,196 - main - INFO - GET /documents - Status: 200 - Time: 0.009s
2026-08-13 08:47:38,196 - sqlalchemy.engine.Engine - INFO - ROLLBACK
2026-08-13 08:47:38,198 - httpx - INFO - HTTP Request: GET http://testserver/documents "HTTP/1.1 200 OK"
2026-08-13 08:47:38,202 - sqlalchemy.engine.Engine - INFO - BEGIN (implicit)
2026-08-13 08:47:38,202 - sqlalchemy.engine.Engine - INFO - SELECT "user".id, "user".username, "user".email, "user".hashed_password, "user".full_name, "user".role, "user".is_active, "user".created_at, "user".updated_at, "user".last_login 
FROM "user" 
WHERE "user".username = %(username_1)s
2026-08-13 08:47:38,203 - sqlalchemy.engine.Engine - INFO - [cached since 9.349s ago] {'username_1': 'testuserf7c55cee'}
2026-08-13 08:47:38,207 - sqlalchemy.engine.Engine - INFO - SELECT document.id, document.filename, document.original_filename, document.file_size, document.file_type, document.status, document.city, document.country, document.weather_data, document.weather_fetched_at, document.description, document.uploader_id, document.uploaded_at, document.updated_at, document.file_path, document.version 
FROM document 
WHERE document.uploader_id = %(uploader_id_1)s
2026-08-13 08:47:38,207 - sqlalchemy.engine.Engine - INFO - [cached since 6.31s ago] {'uploader_id_1': 29}
2026-08-13 08:47:38,209 - main - INFO - GET /documents - Status: 200 - Time: 0.009s
2026-08-13 08:47:38,210 - sqlalchemy.engine.Engine - INFO - ROLLBACK
2026-08-13 08:47:38,212 - httpx - INFO - HTTP Request: GET http://testserver/documents "HTTP/1.1 200 OK"
2026-08-13 08:47:38,215 - sqlalchemy.engine.Engine - INFO - BEGIN (implicit)
2026-08-13 08:47:38,216 - sqlalchemy.engine.Engine - INFO - SELECT "user".id, "user".username, "user".email, "user".hashed_password, "user".full_name, "user".role, "user".is_active, "user".created_at, "user".updated_at, "user".last_login 
FROM "user" 
WHERE "user".username = %(username_1)s
2026-08-13 08:47:38,216 - sqlalchemy.engine.Engine - INFO - [cached since 9.362s ago] {'username_1': 'testuserf7c55cee'}
2026-08-13 08:47:38,220 - sqlalchemy.engine.Engine - INFO - SELECT document.id, document.filename, document.original_filename, document.file_size, document.file_type, document.status, document.city, document.country, document.weather_data, document.weather_fetched_at, document.description, document.uploader_id, document.uploaded_at, document.updated_at, document.file_path, document.version 
FROM document 
WHERE document.uploader_id = %(uploader_id_1)s
2026-08-13 08:47:38,220 - sqlalchemy.engine.Engine - INFO - [cached since 6.324s ago] {'uploader_id_1': 29}
2026-08-13 08:47:38,223 - main - INFO - GET /documents - Status: 200 - Time: 0.009s
2026-08-13 08:47:38,223 - sqlalchemy.engine.Engine - INFO - ROLLBACK
2026-08-13 08:47:38,225 - httpx - INFO - HTTP Request: GET http://testserver/documents "HTTP/1.1 200 OK"
2026-08-13 08:47:38,229 - sqlalchemy.engine.Engine - INFO - BEGIN (implicit)
2026-08-13 08:47:38,229 - sqlalchemy.engine.Engine - INFO - SELECT "user".id, "user".username, "user".email, "user".hashed_password, "user".full_name, "user".role, "user".is_active, "user".created_at, "user".updated_at, "user".last_login 
FROM "user" 
WHERE "user".username = %(username_1)s
2026-08-13 08:47:38,230 - sqlalchemy.engine.Engine - INFO - [cached since 9.375s ago] {'username_1': 'testuserf7c55cee'}
2026-08-13 08:47:38,233 - sqlalchemy.engine.Engine - INFO - SELECT document.id, document.filename, document.original_filename, document.file_size, document.file_type, document.status, document.city, document.country, document.weather_data, document.weather_fetched_at, document.description, document.uploader_id, document.uploaded_at, document.updated_at, document.file_path, document.version 
FROM document 
WHERE document.uploader_id = %(uploader_id_1)s
2026-08-13 08:47:38,234 - sqlalchemy.engine.Engine - INFO - [cached since 6.337s ago] {'uploader_id_1': 29}
2026-08-13 08:47:38,236 - main - INFO - GET /documents - Status: 200 - Time: 0.009s
2026-08-13 08:47:38,237 - sqlalchemy.engine.Engine - INFO - ROLLBACK
2026-08-13 08:47:38,239 - httpx - INFO - HTTP Request: GET http://testserver/documents "HTTP/1.1 200 OK"
2026-08-13 08:47:38,243 - sqlalchemy.engine.Engine - INFO - BEGIN (implicit)
2026-08-13 08:47:38,243 - sqlalchemy.engine.Engine - INFO - SELECT "user".id, "user".username, "user".email, "user".hashed_password, "user".full_name, "user".role, "user".is_active, "user".created_at, "user".updated_at, "user".last_login 
FROM "user" 
WHERE "user".username = %(username_1)s
2026-08-13 08:47:38,243 - sqlalchemy.engine.Engine - INFO - [cached since 9.389s ago] {'username_1': 'testuserf7c55cee'}
2026-08-13 08:47:38,247 - sqlalchemy.engine.Engine - INFO - SELECT document.id, document.filename, document.original_filename, document.file_size, document.file_type, document.status, document.city, document.country, document.weather_data, document.weather_fetched_at, document.description, document.uploader_id, document.uploaded_at, document.updated_at, document.file_path, document.version 
FROM document 
WHERE document.uploader_id = %(uploader_id_1)s
2026-08-13 08:47:38,247 - sqlalchemy.engine.Engine - INFO - [cached since 6.351s ago] {'uploader_id_1': 29}
2026-08-13 08:47:38,250 - main - INFO - GET /documents - Status: 200 - Time: 0.009s
2026-08-13 08:47:38,250 - sqlalchemy.engine.Engine - INFO - ROLLBACK
2026-08-13 08:47:38,252 - httpx - INFO - HTTP Request: GET http://testserver/documents "HTTP/1.1 200 OK"
2026-08-13 08:47:38,256 - sqlalchemy.engine.Engine - INFO - BEGIN (implicit)
2026-08-13 08:47:38,256 - sqlalchemy.engine.Engine - INFO - SELECT "user".id, "user".username, "user".email, "user".hashed_password, "user".full_name, "user".role, "user".is_active, "user".created_at, "user".updated_at, "user".last_login 
FROM "user" 
WHERE "user".username = %(username_1)s
2026-08-13 08:47:38,257 - sqlalchemy.engine.Engine - INFO - [cached since 9.403s ago] {'username_1': 'testuserf7c55cee'}
2026-08-13 08:47:38,260 - sqlalchemy.engine.Engine - INFO - SELECT document.id, document.filename, document.original_filename, document.file_size, document.file_type, document.status, document.city, document.country, document.weather_data, document.weather_fetched_at, document.description, document.uploader_id, document.uploaded_at, document.updated_at, document.file_path, document.version 
FROM document 
WHERE document.uploader_id = %(uploader_id_1)s
2026-08-13 08:47:38,261 - sqlalchemy.engine.Engine - INFO - [cached since 6.364s ago] {'uploader_id_1': 29}
2026-08-13 08:47:38,263 - main - INFO - GET /documents - Status: 200 - Time: 0.009s
2026-08-13 08:47:38,264 - sqlalchemy.engine.Engine - INFO - ROLLBACK
2026-08-13 08:47:38,266 - httpx - INFO - HTTP Request: GET http://testserver/documents "HTTP/1.1 200 OK"
2026-08-13 08:47:38,269 - sqlalchemy.engine.Engine - INFO - BEGIN (implicit)
2026-08-13 08:47:38,270 - sqlalchemy.engine.Engine - INFO - SELECT "user".id, "user".username, "user".email, "user".hashed_password, "user".full_name, "user".role, "user".is_active, "user".created_at, "user".updated_at, "user".last_login 
FROM "user" 
WHERE "user".username = %(username_1)s
2026-08-13 08:47:38,270 - sqlalchemy.engine.Engine - INFO - [cached since 9.416s ago] {'username_1': 'testuserf7c55cee'}
2026-08-13 08:47:38,274 - sqlalchemy.engine.Engine - INFO - SELECT document.id, document.filename, document.original_filename, document.file_size, document.file_type, document.status, document.city, document.country, document.weather_data, document.weather_fetched_at, document.description, document.uploader_id, document.uploaded_at, document.updated_at, document.file_path, document.version 
FROM document 
WHERE document.uploader_id = %(uploader_id_1)s
2026-08-13 08:47:38,274 - sqlalchemy.engine.Engine - INFO - [cached since 6.377s ago] {'uploader_id_1': 29}
2026-08-13 08:47:38,277 - main - INFO - GET /documents - Status: 200 - Time: 0.010s
2026-08-13 08:47:38,278 - sqlalchemy.engine.Engine - INFO - ROLLBACK
2026-08-13 08:47:38,279 - httpx - INFO - HTTP Request: GET http://testserver/documents "HTTP/1.1 200 OK"
2026-08-13 08:47:38,283 - sqlalchemy.engine.Engine - INFO - BEGIN (implicit)
2026-08-13 08:47:38,283 - sqlalchemy.engine.Engine - INFO - SELECT "user".id, "user".username, "user".email, "user".hashed_password, "user".full_name, "user".role, "user".is_active, "user".created_at, "user".updated_at, "user".last_login 
FROM "user" 
WHERE "user".username = %(username_1)s
2026-08-13 08:47:38,284 - sqlalchemy.engine.Engine - INFO - [cached since 9.429s ago] {'username_1': 'testuserf7c55cee'}
2026-08-13 08:47:38,287 - sqlalchemy.engine.Engine - INFO - SELECT document.id, document.filename, document.original_filename, document.file_size, document.file_type, document.status, document.city, document.country, document.weather_data, document.weather_fetched_at, document.description, document.uploader_id, document.uploaded_at, document.updated_at, document.file_path, document.version 
FROM document 
WHERE document.uploader_id = %(uploader_id_1)s
2026-08-13 08:47:38,288 - sqlalchemy.engine.Engine - INFO - [cached since 6.391s ago] {'uploader_id_1': 29}
2026-08-13 08:47:38,290 - main - INFO - GET /documents - Status: 200 - Time: 0.009s
2026-08-13 08:47:38,291 - sqlalchemy.engine.Engine - INFO - ROLLBACK
2026-08-13 08:47:38,293 - httpx - INFO - HTTP Request: GET http://testserver/documents "HTTP/1.1 200 OK"
2026-08-13 08:47:38,296 - sqlalchemy.engine.Engine - INFO - BEGIN (implicit)
2026-08-13 08:47:38,297 - sqlalchemy.engine.Engine - INFO - SELECT "user".id, "user".username, "user".email, "user".hashed_password, "user".full_name, "user".role, "user".is_active, "user".created_at, "user".updated_at, "user".last_login 
FROM "user" 
WHERE "user".username = %(username_1)s
2026-08-13 08:47:38,297 - sqlalchemy.engine.Engine - INFO - [cached since 9.443s ago] {'username_1': 'testuserf7c55cee'}
2026-08-13 08:47:38,301 - sqlalchemy.engine.Engine - INFO - SELECT document.id, document.filename, document.original_filename, document.file_size, document.file_type, document.status, document.city, document.country, document.weather_data, document.weather_fetched_at, document.description, document.uploader_id, document.uploaded_at, document.updated_at, document.file_path, document.version 
FROM document 
WHERE document.uploader_id = %(uploader_id_1)s
2026-08-13 08:47:38,301 - sqlalchemy.engine.Engine - INFO - [cached since 6.404s ago] {'uploader_id_1': 29}
2026-08-13 08:47:38,304 - main - INFO - GET /documents - Status: 200 - Time: 0.009s
2026-08-13 08:47:38,304 - sqlalchemy.engine.Engine - INFO - ROLLBACK
2026-08-13 08:47:38,306 - httpx - INFO - HTTP Request: GET http://testserver/documents "HTTP/1.1 200 OK"
2026-08-13 08:47:38,310 - sqlalchemy.engine.Engine - INFO - BEGIN (implicit)
2026-08-13 08:47:38,310 - sqlalchemy.engine.Engine - INFO - SELECT "user".id, "user".username, "user".email, "user".hashed_password, "user".full_name, "user".role, "user".is_active, "user".created_at, "user".updated_at, "user".last_login 
FROM "user" 
WHERE "user".username = %(username_1)s
2026-08-13 08:47:38,310 - sqlalchemy.engine.Engine - INFO - [cached since 9.456s ago] {'username_1': 'testuserf7c55cee'}
2026-08-13 08:47:38,314 - sqlalchemy.engine.Engine - INFO - SELECT document.id, document.filename, document.original_filename, document.file_size, document.file_type, document.status, document.city, document.country, document.weather_data, document.weather_fetched_at, document.description, document.uploader_id, document.uploaded_at, document.updated_at, document.file_path, document.version 
FROM document 
WHERE document.uploader_id = %(uploader_id_1)s
2026-08-13 08:47:38,314 - sqlalchemy.engine.Engine - INFO - [cached since 6.418s ago] {'uploader_id_1': 29}
2026-08-13 08:47:38,317 - main - INFO - GET /documents - Status: 200 - Time: 0.009s
2026-08-13 08:47:38,317 - sqlalchemy.engine.Engine - INFO - ROLLBACK
2026-08-13 08:47:38,319 - httpx - INFO - HTTP Request: GET http://testserver/documents "HTTP/1.1 200 OK"
2026-08-13 08:47:38,323 - sqlalchemy.engine.Engine - INFO - BEGIN (implicit)
2026-08-13 08:47:38,323 - sqlalchemy.engine.Engine - INFO - SELECT "user".id, "user".username, "user".email, "user".hashed_password, "user".full_name, "user".role, "user".is_active, "user".created_at, "user".updated_at, "user".last_login 
FROM "user" 
WHERE "user".username = %(username_1)s
2026-08-13 08:47:38,324 - sqlalchemy.engine.Engine - INFO - [cached since 9.47s ago] {'username_1': 'testuserf7c55cee'}
2026-08-13 08:47:38,327 - sqlalchemy.engine.Engine - INFO - SELECT document.id, document.filename, document.original_filename, document.file_size, document.file_type, document.status, document.city, document.country, document.weather_data, document.weather_fetched_at, document.description, document.uploader_id, document.uploaded_at, document.updated_at, document.file_path, document.version 
FROM document 
WHERE document.uploader_id = %(uploader_id_1)s
2026-08-13 08:47:38,328 - sqlalchemy.engine.Engine - INFO - [cached since 6.431s ago] {'uploader_id_1': 29}
2026-08-13 08:47:38,330 - main - INFO - GET /documents - Status: 200 - Time: 0.009s
2026-08-13 08:47:38,331 - sqlalchemy.engine.Engine - INFO - ROLLBACK
2026-08-13 08:47:38,333 - httpx - INFO - HTTP Request: GET http://testserver/documents "HTTP/1.1 200 OK"
2026-08-13 08:47:38,337 - sqlalchemy.engine.Engine - INFO - BEGIN (implicit)
2026-08-13 08:47:38,337 - sqlalchemy.engine.Engine - INFO - SELECT "user".id, "user".username, "user".email, "user".hashed_password, "user".full_name, "user".role, "user".is_active, "user".created_at, "user".updated_at, "user".last_login 
FROM "user" 
WHERE "user".username = %(username_1)s
2026-08-13 08:47:38,337 - sqlalchemy.engine.Engine - INFO - [cached since 9.483s ago] {'username_1': 'testuserf7c55cee'}
2026-08-13 08:47:38,341 - sqlalchemy.engine.Engine - INFO - SELECT document.id, document.filename, document.original_filename, document.file_size, document.file_type, document.status, document.city, document.country, document.weather_data, document.weather_fetched_at, document.description, document.uploader_id, document.uploaded_at, document.updated_at, document.file_path, document.version 
FROM document 
WHERE document.uploader_id = %(uploader_id_1)s
2026-08-13 08:47:38,341 - sqlalchemy.engine.Engine - INFO - [cached since 6.444s ago] {'uploader_id_1': 29}
2026-08-13 08:47:38,344 - main - INFO - GET /documents - Status: 200 - Time: 0.009s
2026-08-13 08:47:38,345 - sqlalchemy.engine.Engine - INFO - ROLLBACK
2026-08-13 08:47:38,346 - httpx - INFO - HTTP Request: GET http://testserver/documents "HTTP/1.1 200 OK"
2026-08-13 08:47:38,350 - sqlalchemy.engine.Engine - INFO - BEGIN (implicit)
2026-08-13 08:47:38,350 - sqlalchemy.engine.Engine - INFO - SELECT "user".id, "user".username, "user".email, "user".hashed_password, "user".full_name, "user".role, "user".is_active, "user".created_at, "user".updated_at, "user".last_login 
FROM "user" 
WHERE "user".username = %(username_1)s
2026-08-13 08:47:38,351 - sqlalchemy.engine.Engine - INFO - [cached since 9.496s ago] {'username_1': 'testuserf7c55cee'}
2026-08-13 08:47:38,354 - sqlalchemy.engine.Engine - INFO - SELECT document.id, document.filename, document.original_filename, document.file_size, document.file_type, document.status, document.city, document.country, document.weather_data, document.weather_fetched_at, document.description, document.uploader_id, document.uploaded_at, document.updated_at, document.file_path, document.version 
FROM document 
WHERE document.uploader_id = %(uploader_id_1)s
2026-08-13 08:47:38,355 - sqlalchemy.engine.Engine - INFO - [cached since 6.458s ago] {'uploader_id_1': 29}
2026-08-13 08:47:38,357 - main - INFO - GET /documents - Status: 200 - Time: 0.009s
2026-08-13 08:47:38,358 - sqlalchemy.engine.Engine - INFO - ROLLBACK
2026-08-13 08:47:38,360 - httpx - INFO - HTTP Request: GET http://testserver/documents "HTTP/1.1 200 OK"
2026-08-13 08:47:38,363 - sqlalchemy.engine.Engine - INFO - BEGIN (implicit)
2026-08-13 08:47:38,364 - sqlalchemy.engine.Engine - INFO - SELECT "user".id, "user".username, "user".email, "user".hashed_password, "user".full_name, "user".role, "user".is_active, "user".created_at, "user".updated_at, "user".last_login 
FROM "user" 
WHERE "user".username = %(username_1)s
2026-08-13 08:47:38,364 - sqlalchemy.engine.Engine - INFO - [cached since 9.51s ago] {'username_1': 'testuserf7c55cee'}
2026-08-13 08:47:38,368 - sqlalchemy.engine.Engine - INFO - SELECT document.id, document.filename, document.original_filename, document.file_size, document.file_type, document.status, document.city, document.country, document.weather_data, document.weather_fetched_at, document.description, document.uploader_id, document.uploaded_at, document.updated_at, document.file_path, document.version 
FROM document 
WHERE document.uploader_id = %(uploader_id_1)s
2026-08-13 08:47:38,369 - sqlalchemy.engine.Engine - INFO - [cached since 6.472s ago] {'uploader_id_1': 29}
2026-08-13 08:47:38,371 - main - INFO - GET /documents - Status: 200 - Time: 0.009s
2026-08-13 08:47:38,372 - sqlalchemy.engine.Engine - INFO - ROLLBACK
2026-08-13 08:47:38,374 - httpx - INFO - HTTP Request: GET http://testserver/documents "HTTP/1.1 200 OK"
2026-08-13 08:47:38,377 - sqlalchemy.engine.Engine - INFO - BEGIN (implicit)
2026-08-13 08:47:38,378 - sqlalchemy.engine.Engine - INFO - SELECT "user".id, "user".username, "user".email, "user".hashed_password, "user".full_name, "user".role, "user".is_active, "user".created_at, "user".updated_at, "user".last_login 
FROM "user" 
WHERE "user".username = %(username_1)s
2026-08-13 08:47:38,378 - sqlalchemy.engine.Engine - INFO - [cached since 9.524s ago] {'username_1': 'testuserf7c55cee'}
2026-08-13 08:47:38,381 - sqlalchemy.engine.Engine - INFO - SELECT document.id, document.filename, document.original_filename, document.file_size, document.file_type, document.status, document.city, document.country, document.weather_data, document.weather_fetched_at, document.description, document.uploader_id, document.uploaded_at, document.updated_at, document.file_path, document.version 
FROM document 
WHERE document.uploader_id = %(uploader_id_1)s
2026-08-13 08:47:38,382 - sqlalchemy.engine.Engine - INFO - [cached since 6.485s ago] {'uploader_id_1': 29}
2026-08-13 08:47:38,384 - main - INFO - GET /documents - Status: 200 - Time: 0.009s
2026-08-13 08:47:38,385 - sqlalchemy.engine.Engine - INFO - ROLLBACK
2026-08-13 08:47:38,387 - httpx - INFO - HTTP Request: GET http://testserver/documents "HTTP/1.1 200 OK"
2026-08-13 08:47:38,390 - sqlalchemy.engine.Engine - INFO - BEGIN (implicit)
2026-08-13 08:47:38,391 - sqlalchemy.engine.Engine - INFO - SELECT "user".id, "user".username, "user".email, "user".hashed_password, "user".full_name, "user".role, "user".is_active, "user".created_at, "user".updated_at, "user".last_login 
FROM "user" 
WHERE "user".username = %(username_1)s
2026-08-13 08:47:38,391 - sqlalchemy.engine.Engine - INFO - [cached since 9.537s ago] {'username_1': 'testuserf7c55cee'}
2026-08-13 08:47:38,395 - sqlalchemy.engine.Engine - INFO - SELECT document.id, document.filename, document.original_filename, document.file_size, document.file_type, document.status, document.city, document.country, document.weather_data, document.weather_fetched_at, document.description, document.uploader_id, document.uploaded_at, document.updated_at, document.file_path, document.version 
FROM document 
WHERE document.uploader_id = %(uploader_id_1)s
2026-08-13 08:47:38,395 - sqlalchemy.engine.Engine - INFO - [cached since 6.498s ago] {'uploader_id_1': 29}
2026-08-13 08:47:38,397 - main - INFO - GET /documents - Status: 200 - Time: 0.009s
2026-08-13 08:47:38,398 - sqlalchemy.engine.Engine - INFO - ROLLBACK
2026-08-13 08:47:38,400 - httpx - INFO - HTTP Request: GET http://testserver/documents "HTTP/1.1 200 OK"
2026-08-13 08:47:38,404 - sqlalchemy.engine.Engine - INFO - BEGIN (implicit)
2026-08-13 08:47:38,404 - sqlalchemy.engine.Engine - INFO - SELECT "user".id, "user".username, "user".email, "user".hashed_password, "user".full_name, "user".role, "user".is_active, "user".created_at, "user".updated_at, "user".last_login 
FROM "user" 
WHERE "user".username = %(username_1)s
2026-08-13 08:47:38,404 - sqlalchemy.engine.Engine - INFO - [cached since 9.55s ago] {'username_1': 'testuserf7c55cee'}
2026-08-13 08:47:38,408 - sqlalchemy.engine.Engine - INFO - SELECT document.id, document.filename, document.original_filename, document.file_size, document.file_type, document.status, document.city, document.country, document.weather_data, document.weather_fetched_at, document.description, document.uploader_id, document.uploaded_at, document.updated_at, document.file_path, document.version 
FROM document 
WHERE document.uploader_id = %(uploader_id_1)s
2026-08-13 08:47:38,408 - sqlalchemy.engine.Engine - INFO - [cached since 6.512s ago] {'uploader_id_1': 29}
2026-08-13 08:47:38,411 - main - INFO - GET /documents - Status: 200 - Time: 0.009s
2026-08-13 08:47:38,412 - sqlalchemy.engine.Engine - INFO - ROLLBACK
2026-08-13 08:47:38,414 - httpx - INFO - HTTP Request: GET http://testserver/documents "HTTP/1.1 200 OK"
2026-08-13 08:47:38,417 - sqlalchemy.engine.Engine - INFO - BEGIN (implicit)
2026-08-13 08:47:38,418 - sqlalchemy.engine.Engine - INFO - SELECT "user".id, "user".username, "user".email, "user".hashed_password, "user".full_name, "user".role, "user".is_active, "user".created_at, "user".updated_at, "user".last_login 
FROM "user" 
WHERE "user".username = %(username_1)s
2026-08-13 08:47:38,418 - sqlalchemy.engine.Engine - INFO - [cached since 9.564s ago] {'username_1': 'testuserf7c55cee'}
2026-08-13 08:47:38,422 - sqlalchemy.engine.Engine - INFO - SELECT document.id, document.filename, document.original_filename, document.file_size, document.file_type, document.status, document.city, document.country, document.weather_data, document.weather_fetched_at, document.description, document.uploader_id, document.uploaded_at, document.updated_at, document.file_path, document.version 
FROM document 
WHERE document.uploader_id = %(uploader_id_1)s
2026-08-13 08:47:38,422 - sqlalchemy.engine.Engine - INFO - [cached since 6.525s ago] {'uploader_id_1': 29}
2026-08-13 08:47:38,424 - main - INFO - GET /documents - Status: 200 - Time: 0.009s
2026-08-13 08:47:38,425 - sqlalchemy.engine.Engine - INFO - ROLLBACK
2026-08-13 08:47:38,427 - httpx - INFO - HTTP Request: GET http://testserver/documents "HTTP/1.1 200 OK"
2026-08-13 08:47:38,430 - sqlalchemy.engine.Engine - INFO - BEGIN (implicit)
2026-08-13 08:47:38,431 - sqlalchemy.engine.Engine - INFO - SELECT "user".id, "user".username, "user".email, "user".hashed_password, "user".full_name, "user".role, "user".is_active, "user".created_at, "user".updated_at, "user".last_login 
FROM "user" 
WHERE "user".username = %(username_1)s
2026-08-13 08:47:38,431 - sqlalchemy.engine.Engine - INFO - [cached since 9.577s ago] {'username_1': 'testuserf7c55cee'}
2026-08-13 08:47:38,435 - sqlalchemy.engine.Engine - INFO - SELECT document.id, document.filename, document.original_filename, document.file_size, document.file_type, document.status, document.city, document.country, document.weather_data, document.weather_fetched_at, document.description, document.uploader_id, document.uploaded_at, document.updated_at, document.file_path, document.version 
FROM document 
WHERE document.uploader_id = %(uploader_id_1)s
2026-08-13 08:47:38,435 - sqlalchemy.engine.Engine - INFO - [cached since 6.539s ago] {'uploader_id_1': 29}
2026-08-13 08:47:38,438 - main - INFO - GET /documents - Status: 200 - Time: 0.009s
2026-08-13 08:47:38,438 - sqlalchemy.engine.Engine - INFO - ROLLBACK
2026-08-13 08:47:38,440 - httpx - INFO - HTTP Request: GET http://testserver/documents "HTTP/1.1 200 OK"
2026-08-13 08:47:38,444 - sqlalchemy.engine.Engine - INFO - BEGIN (implicit)
2026-08-13 08:47:38,444 - sqlalchemy.engine.Engine - INFO - SELECT "user".id, "user".username, "user".email, "user".hashed_password, "user".full_name, "user".role, "user".is_active, "user".created_at, "user".updated_at, "user".last_login 
FROM "user" 
WHERE "user".username = %(username_1)s
2026-08-13 08:47:38,445 - sqlalchemy.engine.Engine - INFO - [cached since 9.59s ago] {'username_1': 'testuserf7c55cee'}
2026-08-13 08:47:38,448 - sqlalchemy.engine.Engine - INFO - SELECT document.id, document.filename, document.original_filename, document.file_size, document.file_type, document.status, document.city, document.country, document.weather_data, document.weather_fetched_at, document.description, document.uploader_id, document.uploaded_at, document.updated_at, document.file_path, document.version 
FROM document 
WHERE document.uploader_id = %(uploader_id_1)s
2026-08-13 08:47:38,449 - sqlalchemy.engine.Engine - INFO - [cached since 6.552s ago] {'uploader_id_1': 29}
2026-08-13 08:47:38,451 - main - INFO - GET /documents - Status: 200 - Time: 0.009s
2026-08-13 08:47:38,452 - sqlalchemy.engine.Engine - INFO - ROLLBACK
2026-08-13 08:47:38,454 - httpx - INFO - HTTP Request: GET http://testserver/documents "HTTP/1.1 200 OK"
2026-08-13 08:47:38,457 - sqlalchemy.engine.Engine - INFO - BEGIN (implicit)
2026-08-13 08:47:38,458 - sqlalchemy.engine.Engine - INFO - SELECT "user".id, "user".username, "user".email, "user".hashed_password, "user".full_name, "user".role, "user".is_active, "user".created_at, "user".updated_at, "user".last_login 
FROM "user" 
WHERE "user".username = %(username_1)s
2026-08-13 08:47:38,458 - sqlalchemy.engine.Engine - INFO - [cached since 9.604s ago] {'username_1': 'testuserf7c55cee'}
2026-08-13 08:47:38,462 - sqlalchemy.engine.Engine - INFO - SELECT document.id, document.filename, document.original_filename, document.file_size, document.file_type, document.status, document.city, document.country, document.weather_data, document.weather_fetched_at, document.description, document.uploader_id, document.uploaded_at, document.updated_at, document.file_path, document.version 
FROM document 
WHERE document.uploader_id = %(uploader_id_1)s
2026-08-13 08:47:38,462 - sqlalchemy.engine.Engine - INFO - [cached since 6.566s ago] {'uploader_id_1': 29}
2026-08-13 08:47:38,465 - main - INFO - GET /documents - Status: 200 - Time: 0.009s
2026-08-13 08:47:38,465 - sqlalchemy.engine.Engine - INFO - ROLLBACK
2026-08-13 08:47:38,467 - httpx - INFO - HTTP Request: GET http://testserver/documents "HTTP/1.1 200 OK"
2026-08-13 08:47:38,471 - sqlalchemy.engine.Engine - INFO - BEGIN (implicit)
2026-08-13 08:47:38,472 - sqlalchemy.engine.Engine - INFO - SELECT "user".id, "user".username, "user".email, "user".hashed_password, "user".full_name, "user".role, "user".is_active, "user".created_at, "user".updated_at, "user".last_login 
FROM "user" 
WHERE "user".username = %(username_1)s
2026-08-13 08:47:38,472 - sqlalchemy.engine.Engine - INFO - [cached since 9.618s ago] {'username_1': 'testuserf7c55cee'}
2026-08-13 08:47:38,475 - sqlalchemy.engine.Engine - INFO - SELECT document.id, document.filename, document.original_filename, document.file_size, document.file_type, document.status, document.city, document.country, document.weather_data, document.weather_fetched_at, document.description, document.uploader_id, document.uploaded_at, document.updated_at, document.file_path, document.version 
FROM document 
WHERE document.uploader_id = %(uploader_id_1)s
2026-08-13 08:47:38,476 - sqlalchemy.engine.Engine - INFO - [cached since 6.579s ago] {'uploader_id_1': 29}
2026-08-13 08:47:38,478 - main - INFO - GET /documents - Status: 200 - Time: 0.009s
2026-08-13 08:47:38,479 - sqlalchemy.engine.Engine - INFO - ROLLBACK
2026-08-13 08:47:38,481 - httpx - INFO - HTTP Request: GET http://testserver/documents "HTTP/1.1 200 OK"
2026-08-13 08:47:38,485 - sqlalchemy.engine.Engine - INFO - BEGIN (implicit)
2026-08-13 08:47:38,485 - sqlalchemy.engine.Engine - INFO - SELECT "user".id, "user".username, "user".email, "user".hashed_password, "user".full_name, "user".role, "user".is_active, "user".created_at, "user".updated_at, "user".last_login 
FROM "user" 
WHERE "user".username = %(username_1)s
2026-08-13 08:47:38,485 - sqlalchemy.engine.Engine - INFO - [cached since 9.631s ago] {'username_1': 'testuserf7c55cee'}
2026-08-13 08:47:38,489 - sqlalchemy.engine.Engine - INFO - SELECT document.id, document.filename, document.original_filename, document.file_size, document.file_type, document.status, document.city, document.country, document.weather_data, document.weather_fetched_at, document.description, document.uploader_id, document.uploaded_at, document.updated_at, document.file_path, document.version 
FROM document 
WHERE document.uploader_id = %(uploader_id_1)s
2026-08-13 08:47:38,490 - sqlalchemy.engine.Engine - INFO - [cached since 6.593s ago] {'uploader_id_1': 29}
2026-08-13 08:47:38,492 - main - INFO - GET /documents - Status: 200 - Time: 0.010s
2026-08-13 08:47:38,493 - sqlalchemy.engine.Engine - INFO - ROLLBACK
2026-08-13 08:47:38,495 - httpx - INFO - HTTP Request: GET http://testserver/documents "HTTP/1.1 200 OK"
2026-08-13 08:52:12,213 - sqlalchemy.engine.Engine - INFO - select pg_catalog.version()
2026-08-13 08:52:12,214 - sqlalchemy.engine.Engine - INFO - [raw sql] {}
2026-08-13 08:52:12,223 - sqlalchemy.engine.Engine - INFO - select current_schema()
2026-08-13 08:52:12,223 - sqlalchemy.engine.Engine - INFO - [raw sql] {}
2026-08-13 08:52:12,226 - sqlalchemy.engine.Engine - INFO - show standard_conforming_strings
2026-08-13 08:52:12,226 - sqlalchemy.engine.Engine - INFO - [raw sql] {}
2026-08-13 08:52:12,229 - sqlalchemy.engine.Engine - INFO - BEGIN (implicit)
2026-08-13 08:52:12,237 - sqlalchemy.engine.Engine - INFO - SELECT pg_catalog.pg_class.relname 
FROM pg_catalog.pg_class JOIN pg_catalog.pg_namespace ON pg_catalog.pg_namespace.oid = pg_catalog.pg_class.relnamespace 
WHERE pg_catalog.pg_class.relname = %(table_name)s AND pg_catalog.pg_class.relkind = ANY (ARRAY[%(param_1)s, %(param_2)s, %(param_3)s, %(param_4)s, %(param_5)s]) AND pg_catalog.pg_table_is_visible(pg_catalog.pg_class.oid) AND pg_catalog.pg_namespace.nspname != %(nspname_1)s
2026-08-13 08:52:12,237 - sqlalchemy.engine.Engine - INFO - [generated in 0.00082s] {'table_name': 'user', 'param_1': 'r', 'param_2': 'p', 'param_3': 'f', 'param_4': 'v', 'param_5': 'm', 'nspname_1': 'pg_catalog'}
2026-08-13 08:52:12,241 - sqlalchemy.engine.Engine - INFO - SELECT pg_catalog.pg_class.relname 
FROM pg_catalog.pg_class JOIN pg_catalog.pg_namespace ON pg_catalog.pg_namespace.oid = pg_catalog.pg_class.relnamespace 
WHERE pg_catalog.pg_class.relname = %(table_name)s AND pg_catalog.pg_class.relkind = ANY (ARRAY[%(param_1)s, %(param_2)s, %(param_3)s, %(param_4)s, %(param_5)s]) AND pg_catalog.pg_table_is_visible(pg_catalog.pg_class.oid) AND pg_catalog.pg_namespace.nspname != %(nspname_1)s
2026-08-13 08:52:12,241 - sqlalchemy.engine.Engine - INFO - [cached since 0.004835s ago] {'table_name': 'document', 'param_1': 'r', 'param_2': 'p', 'param_3': 'f', 'param_4': 'v', 'param_5': 'm', 'nspname_1': 'pg_catalog'}
2026-08-13 08:52:12,244 - sqlalchemy.engine.Engine - INFO - COMMIT
2026-08-13 08:52:12,258 - sqlalchemy.engine.Engine - INFO - BEGIN (implicit)
2026-08-13 08:52:12,274 - sqlalchemy.engine.Engine - INFO - SELECT "user".id, "user".username, "user".email, "user".hashed_password, "user".full_name, "user".role, "user".is_active, "user".created_at, "user".updated_at, "user".last_login 
FROM "user" 
WHERE "user".username = %(username_1)s
2026-08-13 08:52:12,275 - sqlalchemy.engine.Engine - INFO - [generated in 0.00054s] {'username_1': 'testuser67e3143a'}
2026-08-13 08:52:12,280 - sqlalchemy.engine.Engine - INFO - SELECT "user".id, "user".username, "user".email, "user".hashed_password, "user".full_name, "user".role, "user".is_active, "user".created_at, "user".updated_at, "user".last_login 
FROM "user" 
WHERE "user".email = %(email_1)s
2026-08-13 08:52:12,281 - sqlalchemy.engine.Engine - INFO - [generated in 0.00067s] {'email_1': 'test67e3143a@example.com'}
2026-08-13 08:52:12,626 - sqlalchemy.engine.Engine - INFO - INSERT INTO "user" (username, email, hashed_password, full_name, role, is_active, created_at, updated_at, last_login) VALUES (%(username)s, %(email)s, %(hashed_password)s, %(full_name)s, %(role)s, %(is_active)s, %(created_at)s, %(updated_at)s, %(last_login)s) RETURNING "user".id
2026-08-13 08:52:12,627 - sqlalchemy.engine.Engine - INFO - [generated in 0.00083s] {'username': 'testuser67e3143a', 'email': 'test67e3143a@example.com', 'hashed_password': '$2b$12$GzqCWJEkLMzV0MPcZOxKoOWNOnyQLauk97ZGEMc9wiM2g3ARtDSYa', 'full_name': 'Test User', 'role': 'staff', 'is_active': True, 'created_at': datetime.datetime(2026, 8, 13, 5, 52, 12, 621716), 'updated_at': datetime.datetime(2026, 8, 13, 5, 52, 12, 621772), 'last_login': None}
2026-08-13 08:52:12,631 - sqlalchemy.engine.Engine - INFO - COMMIT
2026-08-13 08:52:12,635 - sqlalchemy.engine.Engine - INFO - BEGIN (implicit)
2026-08-13 08:52:12,638 - sqlalchemy.engine.Engine - INFO - SELECT "user".id, "user".username, "user".email, "user".hashed_password, "user".full_name, "user".role, "user".is_active, "user".created_at, "user".updated_at, "user".last_login 
FROM "user" 
WHERE "user".id = %(pk_1)s
2026-08-13 08:52:12,638 - sqlalchemy.engine.Engine - INFO - [generated in 0.00058s] {'pk_1': 30}
2026-08-13 08:52:12,644 - main - INFO - POST /register - Status: 200 - Time: 0.395s
2026-08-13 08:52:12,646 - sqlalchemy.engine.Engine - INFO - ROLLBACK
2026-08-13 08:52:12,652 - httpx - INFO - HTTP Request: POST http://testserver/register "HTTP/1.1 200 OK"
2026-08-13 08:52:12,664 - sqlalchemy.engine.Engine - INFO - BEGIN (implicit)
2026-08-13 08:52:12,665 - sqlalchemy.engine.Engine - INFO - SELECT pg_catalog.pg_class.relname 
FROM pg_catalog.pg_class JOIN pg_catalog.pg_namespace ON pg_catalog.pg_namespace.oid = pg_catalog.pg_class.relnamespace 
WHERE pg_catalog.pg_class.relname = %(table_name)s AND pg_catalog.pg_class.relkind = ANY (ARRAY[%(param_1)s, %(param_2)s, %(param_3)s, %(param_4)s, %(param_5)s]) AND pg_catalog.pg_table_is_visible(pg_catalog.pg_class.oid) AND pg_catalog.pg_namespace.nspname != %(nspname_1)s
2026-08-13 08:52:12,665 - sqlalchemy.engine.Engine - INFO - [cached since 0.4284s ago] {'table_name': 'user', 'param_1': 'r', 'param_2': 'p', 'param_3': 'f', 'param_4': 'v', 'param_5': 'm', 'nspname_1': 'pg_catalog'}
2026-08-13 08:52:12,669 - sqlalchemy.engine.Engine - INFO - SELECT pg_catalog.pg_class.relname 
FROM pg_catalog.pg_class JOIN pg_catalog.pg_namespace ON pg_catalog.pg_namespace.oid = pg_catalog.pg_class.relnamespace 
WHERE pg_catalog.pg_class.relname = %(table_name)s AND pg_catalog.pg_class.relkind = ANY (ARRAY[%(param_1)s, %(param_2)s, %(param_3)s, %(param_4)s, %(param_5)s]) AND pg_catalog.pg_table_is_visible(pg_catalog.pg_class.oid) AND pg_catalog.pg_namespace.nspname != %(nspname_1)s
2026-08-13 08:52:12,669 - sqlalchemy.engine.Engine - INFO - [cached since 0.4324s ago] {'table_name': 'document', 'param_1': 'r', 'param_2': 'p', 'param_3': 'f', 'param_4': 'v', 'param_5': 'm', 'nspname_1': 'pg_catalog'}
2026-08-13 08:52:12,671 - sqlalchemy.engine.Engine - INFO - COMMIT
2026-08-13 08:52:12,685 - sqlalchemy.engine.Engine - INFO - BEGIN (implicit)
2026-08-13 08:52:12,686 - sqlalchemy.engine.Engine - INFO - SELECT "user".id, "user".username, "user".email, "user".hashed_password, "user".full_name, "user".role, "user".is_active, "user".created_at, "user".updated_at, "user".last_login 
FROM "user" 
WHERE "user".username = %(username_1)s
2026-08-13 08:52:12,686 - sqlalchemy.engine.Engine - INFO - [cached since 0.4124s ago] {'username_1': 'testusera216de2c'}
2026-08-13 08:52:12,690 - sqlalchemy.engine.Engine - INFO - SELECT "user".id, "user".username, "user".email, "user".hashed_password, "user".full_name, "user".role, "user".is_active, "user".created_at, "user".updated_at, "user".last_login 
FROM "user" 
WHERE "user".email = %(email_1)s
2026-08-13 08:52:12,691 - sqlalchemy.engine.Engine - INFO - [cached since 0.4105s ago] {'email_1': 'testa216de2c@example.com'}
2026-08-13 08:52:12,995 - sqlalchemy.engine.Engine - INFO - INSERT INTO "user" (username, email, hashed_password, full_name, role, is_active, created_at, updated_at, last_login) VALUES (%(username)s, %(email)s, %(hashed_password)s, %(full_name)s, %(role)s, %(is_active)s, %(created_at)s, %(updated_at)s, %(last_login)s) RETURNING "user".id
2026-08-13 08:52:12,995 - sqlalchemy.engine.Engine - INFO - [cached since 0.369s ago] {'username': 'testusera216de2c', 'email': 'testa216de2c@example.com', 'hashed_password': '$2b$12$rCkadGHYequ4rqe13pcObeIjaGRpqcpZiickOip0EjD.wFLS8ijau', 'full_name': 'Test User', 'role': 'staff', 'is_active': True, 'created_at': datetime.datetime(2026, 8, 13, 5, 52, 12, 993949), 'updated_at': datetime.datetime(2026, 8, 13, 5, 52, 12, 994005), 'last_login': None}
2026-08-13 08:52:12,998 - sqlalchemy.engine.Engine - INFO - COMMIT
2026-08-13 08:52:13,000 - sqlalchemy.engine.Engine - INFO - BEGIN (implicit)
2026-08-13 08:52:13,001 - sqlalchemy.engine.Engine - INFO - SELECT "user".id, "user".username, "user".email, "user".hashed_password, "user".full_name, "user".role, "user".is_active, "user".created_at, "user".updated_at, "user".last_login 
FROM "user" 
WHERE "user".id = %(pk_1)s
2026-08-13 08:52:13,002 - sqlalchemy.engine.Engine - INFO - [cached since 0.3638s ago] {'pk_1': 31}
2026-08-13 08:52:13,006 - main - INFO - POST /register - Status: 200 - Time: 0.329s
2026-08-13 08:52:13,008 - sqlalchemy.engine.Engine - INFO - ROLLBACK
2026-08-13 08:52:13,010 - httpx - INFO - HTTP Request: POST http://testserver/register "HTTP/1.1 200 OK"
2026-08-13 08:52:13,022 - sqlalchemy.engine.Engine - INFO - BEGIN (implicit)
2026-08-13 08:52:13,023 - sqlalchemy.engine.Engine - INFO - SELECT "user".id, "user".username, "user".email, "user".hashed_password, "user".full_name, "user".role, "user".is_active, "user".created_at, "user".updated_at, "user".last_login 
FROM "user" 
WHERE "user".username = %(username_1)s
2026-08-13 08:52:13,024 - sqlalchemy.engine.Engine - INFO - [cached since 0.7498s ago] {'username_1': 'testusera216de2c'}
2026-08-13 08:52:13,331 - sqlalchemy.engine.Engine - INFO - UPDATE "user" SET last_login=%(last_login)s WHERE "user".id = %(user_id)s
2026-08-13 08:52:13,331 - sqlalchemy.engine.Engine - INFO - [generated in 0.00047s] {'last_login': datetime.datetime(2026, 8, 13, 5, 52, 13, 328951), 'user_id': 31}
2026-08-13 08:52:13,333 - sqlalchemy.engine.Engine - INFO - COMMIT
2026-08-13 08:52:13,336 - sqlalchemy.engine.Engine - INFO - BEGIN (implicit)
2026-08-13 08:52:13,339 - sqlalchemy.engine.Engine - INFO - SELECT "user".id AS user_id, "user".username AS user_username, "user".email AS user_email, "user".hashed_password AS user_hashed_password, "user".full_name AS user_full_name, "user".role AS user_role, "user".is_active AS user_is_active, "user".created_at AS user_created_at, "user".updated_at AS user_updated_at, "user".last_login AS user_last_login 
FROM "user" 
WHERE "user".id = %(pk_1)s
2026-08-13 08:52:13,339 - sqlalchemy.engine.Engine - INFO - [generated in 0.00043s] {'pk_1': 31}
2026-08-13 08:52:13,344 - main - INFO - POST /login - Status: 200 - Time: 0.331s
2026-08-13 08:52:13,345 - sqlalchemy.engine.Engine - INFO - ROLLBACK
2026-08-13 08:52:13,347 - httpx - INFO - HTTP Request: POST http://testserver/login "HTTP/1.1 200 OK"
2026-08-13 08:52:13,355 - sqlalchemy.engine.Engine - INFO - BEGIN (implicit)
2026-08-13 08:52:13,356 - sqlalchemy.engine.Engine - INFO - SELECT pg_catalog.pg_class.relname 
FROM pg_catalog.pg_class JOIN pg_catalog.pg_namespace ON pg_catalog.pg_namespace.oid = pg_catalog.pg_class.relnamespace 
WHERE pg_catalog.pg_class.relname = %(table_name)s AND pg_catalog.pg_class.relkind = ANY (ARRAY[%(param_1)s, %(param_2)s, %(param_3)s, %(param_4)s, %(param_5)s]) AND pg_catalog.pg_table_is_visible(pg_catalog.pg_class.oid) AND pg_catalog.pg_namespace.nspname != %(nspname_1)s
2026-08-13 08:52:13,356 - sqlalchemy.engine.Engine - INFO - [cached since 1.119s ago] {'table_name': 'user', 'param_1': 'r', 'param_2': 'p', 'param_3': 'f', 'param_4': 'v', 'param_5': 'm', 'nspname_1': 'pg_catalog'}
2026-08-13 08:52:13,359 - sqlalchemy.engine.Engine - INFO - SELECT pg_catalog.pg_class.relname 
FROM pg_catalog.pg_class JOIN pg_catalog.pg_namespace ON pg_catalog.pg_namespace.oid = pg_catalog.pg_class.relnamespace 
WHERE pg_catalog.pg_class.relname = %(table_name)s AND pg_catalog.pg_class.relkind = ANY (ARRAY[%(param_1)s, %(param_2)s, %(param_3)s, %(param_4)s, %(param_5)s]) AND pg_catalog.pg_table_is_visible(pg_catalog.pg_class.oid) AND pg_catalog.pg_namespace.nspname != %(nspname_1)s
2026-08-13 08:52:13,359 - sqlalchemy.engine.Engine - INFO - [cached since 1.123s ago] {'table_name': 'document', 'param_1': 'r', 'param_2': 'p', 'param_3': 'f', 'param_4': 'v', 'param_5': 'm', 'nspname_1': 'pg_catalog'}
2026-08-13 08:52:13,361 - sqlalchemy.engine.Engine - INFO - COMMIT
2026-08-13 08:52:13,370 - sqlalchemy.engine.Engine - INFO - BEGIN (implicit)
2026-08-13 08:52:13,370 - sqlalchemy.engine.Engine - INFO - SELECT "user".id, "user".username, "user".email, "user".hashed_password, "user".full_name, "user".role, "user".is_active, "user".created_at, "user".updated_at, "user".last_login 
FROM "user" 
WHERE "user".username = %(username_1)s
2026-08-13 08:52:13,371 - sqlalchemy.engine.Engine - INFO - [cached since 1.097s ago] {'username_1': 'testuserffb58ecc'}
2026-08-13 08:52:13,375 - sqlalchemy.engine.Engine - INFO - SELECT "user".id, "user".username, "user".email, "user".hashed_password, "user".full_name, "user".role, "user".is_active, "user".created_at, "user".updated_at, "user".last_login 
FROM "user" 
WHERE "user".email = %(email_1)s
2026-08-13 08:52:13,375 - sqlalchemy.engine.Engine - INFO - [cached since 1.095s ago] {'email_1': 'testffb58ecc@example.com'}
2026-08-13 08:52:13,663 - sqlalchemy.engine.Engine - INFO - INSERT INTO "user" (username, email, hashed_password, full_name, role, is_active, created_at, updated_at, last_login) VALUES (%(username)s, %(email)s, %(hashed_password)s, %(full_name)s, %(role)s, %(is_active)s, %(created_at)s, %(updated_at)s, %(last_login)s) RETURNING "user".id
2026-08-13 08:52:13,663 - sqlalchemy.engine.Engine - INFO - [cached since 1.037s ago] {'username': 'testuserffb58ecc', 'email': 'testffb58ecc@example.com', 'hashed_password': '$2b$12$LEUEu/FgsQwrupZZzBDU1uDwiyEa0q9ROKIK.6Dl2BttrPzckA90m', 'full_name': 'Test User', 'role': 'staff', 'is_active': True, 'created_at': datetime.datetime(2026, 8, 13, 5, 52, 13, 662227), 'updated_at': datetime.datetime(2026, 8, 13, 5, 52, 13, 662279), 'last_login': None}
2026-08-13 08:52:13,665 - sqlalchemy.engine.Engine - INFO - COMMIT
2026-08-13 08:52:13,668 - sqlalchemy.engine.Engine - INFO - BEGIN (implicit)
2026-08-13 08:52:13,669 - sqlalchemy.engine.Engine - INFO - SELECT "user".id, "user".username, "user".email, "user".hashed_password, "user".full_name, "user".role, "user".is_active, "user".created_at, "user".updated_at, "user".last_login 
FROM "user" 
WHERE "user".id = %(pk_1)s
2026-08-13 08:52:13,669 - sqlalchemy.engine.Engine - INFO - [cached since 1.031s ago] {'pk_1': 32}
2026-08-13 08:52:13,673 - main - INFO - POST /register - Status: 200 - Time: 0.307s
2026-08-13 08:52:13,674 - sqlalchemy.engine.Engine - INFO - ROLLBACK
2026-08-13 08:52:13,676 - httpx - INFO - HTTP Request: POST http://testserver/register "HTTP/1.1 200 OK"
2026-08-13 08:52:13,681 - sqlalchemy.engine.Engine - INFO - BEGIN (implicit)
2026-08-13 08:52:13,681 - sqlalchemy.engine.Engine - INFO - SELECT "user".id, "user".username, "user".email, "user".hashed_password, "user".full_name, "user".role, "user".is_active, "user".created_at, "user".updated_at, "user".last_login 
FROM "user" 
WHERE "user".username = %(username_1)s
2026-08-13 08:52:13,681 - sqlalchemy.engine.Engine - INFO - [cached since 1.407s ago] {'username_1': 'testuserffb58ecc'}
2026-08-13 08:52:14,005 - sqlalchemy.engine.Engine - INFO - ROLLBACK
2026-08-13 08:52:14,007 - main - INFO - POST /login - Status: 401 - Time: 0.329s
2026-08-13 08:52:14,008 - httpx - INFO - HTTP Request: POST http://testserver/login "HTTP/1.1 401 Unauthorized"
2026-08-13 08:52:14,015 - sqlalchemy.engine.Engine - INFO - BEGIN (implicit)
2026-08-13 08:52:14,015 - sqlalchemy.engine.Engine - INFO - SELECT pg_catalog.pg_class.relname 
FROM pg_catalog.pg_class JOIN pg_catalog.pg_namespace ON pg_catalog.pg_namespace.oid = pg_catalog.pg_class.relnamespace 
WHERE pg_catalog.pg_class.relname = %(table_name)s AND pg_catalog.pg_class.relkind = ANY (ARRAY[%(param_1)s, %(param_2)s, %(param_3)s, %(param_4)s, %(param_5)s]) AND pg_catalog.pg_table_is_visible(pg_catalog.pg_class.oid) AND pg_catalog.pg_namespace.nspname != %(nspname_1)s
2026-08-13 08:52:14,015 - sqlalchemy.engine.Engine - INFO - [cached since 1.779s ago] {'table_name': 'user', 'param_1': 'r', 'param_2': 'p', 'param_3': 'f', 'param_4': 'v', 'param_5': 'm', 'nspname_1': 'pg_catalog'}
2026-08-13 08:52:14,018 - sqlalchemy.engine.Engine - INFO - SELECT pg_catalog.pg_class.relname 
FROM pg_catalog.pg_class JOIN pg_catalog.pg_namespace ON pg_catalog.pg_namespace.oid = pg_catalog.pg_class.relnamespace 
WHERE pg_catalog.pg_class.relname = %(table_name)s AND pg_catalog.pg_class.relkind = ANY (ARRAY[%(param_1)s, %(param_2)s, %(param_3)s, %(param_4)s, %(param_5)s]) AND pg_catalog.pg_table_is_visible(pg_catalog.pg_class.oid) AND pg_catalog.pg_namespace.nspname != %(nspname_1)s
2026-08-13 08:52:14,018 - sqlalchemy.engine.Engine - INFO - [cached since 1.782s ago] {'table_name': 'document', 'param_1': 'r', 'param_2': 'p', 'param_3': 'f', 'param_4': 'v', 'param_5': 'm', 'nspname_1': 'pg_catalog'}
2026-08-13 08:52:14,020 - sqlalchemy.engine.Engine - INFO - COMMIT
2026-08-13 08:52:14,025 - main - INFO - GET /me - Status: 401 - Time: 0.001s
2026-08-13 08:52:14,026 - httpx - INFO - HTTP Request: GET http://testserver/me "HTTP/1.1 401 Unauthorized"
2026-08-13 08:52:14,033 - sqlalchemy.engine.Engine - INFO - BEGIN (implicit)
2026-08-13 08:52:14,034 - sqlalchemy.engine.Engine - INFO - SELECT pg_catalog.pg_class.relname 
FROM pg_catalog.pg_class JOIN pg_catalog.pg_namespace ON pg_catalog.pg_namespace.oid = pg_catalog.pg_class.relnamespace 
WHERE pg_catalog.pg_class.relname = %(table_name)s AND pg_catalog.pg_class.relkind = ANY (ARRAY[%(param_1)s, %(param_2)s, %(param_3)s, %(param_4)s, %(param_5)s]) AND pg_catalog.pg_table_is_visible(pg_catalog.pg_class.oid) AND pg_catalog.pg_namespace.nspname != %(nspname_1)s
2026-08-13 08:52:14,034 - sqlalchemy.engine.Engine - INFO - [cached since 1.797s ago] {'table_name': 'user', 'param_1': 'r', 'param_2': 'p', 'param_3': 'f', 'param_4': 'v', 'param_5': 'm', 'nspname_1': 'pg_catalog'}
2026-08-13 08:52:14,039 - sqlalchemy.engine.Engine - INFO - SELECT pg_catalog.pg_class.relname 
FROM pg_catalog.pg_class JOIN pg_catalog.pg_namespace ON pg_catalog.pg_namespace.oid = pg_catalog.pg_class.relnamespace 
WHERE pg_catalog.pg_class.relname = %(table_name)s AND pg_catalog.pg_class.relkind = ANY (ARRAY[%(param_1)s, %(param_2)s, %(param_3)s, %(param_4)s, %(param_5)s]) AND pg_catalog.pg_table_is_visible(pg_catalog.pg_class.oid) AND pg_catalog.pg_namespace.nspname != %(nspname_1)s
2026-08-13 08:52:14,040 - sqlalchemy.engine.Engine - INFO - [cached since 1.804s ago] {'table_name': 'document', 'param_1': 'r', 'param_2': 'p', 'param_3': 'f', 'param_4': 'v', 'param_5': 'm', 'nspname_1': 'pg_catalog'}
2026-08-13 08:52:14,043 - sqlalchemy.engine.Engine - INFO - COMMIT
2026-08-13 08:52:14,064 - sqlalchemy.engine.Engine - INFO - BEGIN (implicit)
2026-08-13 08:52:14,065 - sqlalchemy.engine.Engine - INFO - SELECT "user".id, "user".username, "user".email, "user".hashed_password, "user".full_name, "user".role, "user".is_active, "user".created_at, "user".updated_at, "user".last_login 
FROM "user" 
WHERE "user".username = %(username_1)s
2026-08-13 08:52:14,065 - sqlalchemy.engine.Engine - INFO - [cached since 1.791s ago] {'username_1': 'testuserb91cf7e0'}
2026-08-13 08:52:14,070 - sqlalchemy.engine.Engine - INFO - SELECT "user".id, "user".username, "user".email, "user".hashed_password, "user".full_name, "user".role, "user".is_active, "user".created_at, "user".updated_at, "user".last_login 
FROM "user" 
WHERE "user".email = %(email_1)s
2026-08-13 08:52:14,071 - sqlalchemy.engine.Engine - INFO - [cached since 1.791s ago] {'email_1': 'testb91cf7e0@example.com'}
2026-08-13 08:52:14,368 - sqlalchemy.engine.Engine - INFO - INSERT INTO "user" (username, email, hashed_password, full_name, role, is_active, created_at, updated_at, last_login) VALUES (%(username)s, %(email)s, %(hashed_password)s, %(full_name)s, %(role)s, %(is_active)s, %(created_at)s, %(updated_at)s, %(last_login)s) RETURNING "user".id
2026-08-13 08:52:14,368 - sqlalchemy.engine.Engine - INFO - [cached since 1.742s ago] {'username': 'testuserb91cf7e0', 'email': 'testb91cf7e0@example.com', 'hashed_password': '$2b$12$JZO1FJRQX1F4ULeOxO3atOvLTq3Py.189gRU.fIpryO3gEXwlR7w.', 'full_name': 'Test User', 'role': 'staff', 'is_active': True, 'created_at': datetime.datetime(2026, 8, 13, 5, 52, 14, 367483), 'updated_at': datetime.datetime(2026, 8, 13, 5, 52, 14, 367521), 'last_login': None}
2026-08-13 08:52:14,370 - sqlalchemy.engine.Engine - INFO - COMMIT
2026-08-13 08:52:14,373 - sqlalchemy.engine.Engine - INFO - BEGIN (implicit)
2026-08-13 08:52:14,373 - sqlalchemy.engine.Engine - INFO - SELECT "user".id, "user".username, "user".email, "user".hashed_password, "user".full_name, "user".role, "user".is_active, "user".created_at, "user".updated_at, "user".last_login 
FROM "user" 
WHERE "user".id = %(pk_1)s
2026-08-13 08:52:14,374 - sqlalchemy.engine.Engine - INFO - [cached since 1.736s ago] {'pk_1': 33}
2026-08-13 08:52:14,377 - main - INFO - POST /register - Status: 200 - Time: 0.321s
2026-08-13 08:52:14,378 - sqlalchemy.engine.Engine - INFO - ROLLBACK
2026-08-13 08:52:14,380 - httpx - INFO - HTTP Request: POST http://testserver/register "HTTP/1.1 200 OK"
2026-08-13 08:52:14,385 - sqlalchemy.engine.Engine - INFO - BEGIN (implicit)
2026-08-13 08:52:14,386 - sqlalchemy.engine.Engine - INFO - SELECT "user".id, "user".username, "user".email, "user".hashed_password, "user".full_name, "user".role, "user".is_active, "user".created_at, "user".updated_at, "user".last_login 
FROM "user" 
WHERE "user".username = %(username_1)s
2026-08-13 08:52:14,386 - sqlalchemy.engine.Engine - INFO - [cached since 2.112s ago] {'username_1': 'testuserb91cf7e0'}
2026-08-13 08:52:14,672 - sqlalchemy.engine.Engine - INFO - UPDATE "user" SET last_login=%(last_login)s WHERE "user".id = %(user_id)s
2026-08-13 08:52:14,672 - sqlalchemy.engine.Engine - INFO - [cached since 1.342s ago] {'last_login': datetime.datetime(2026, 8, 13, 5, 52, 14, 671655), 'user_id': 33}
2026-08-13 08:52:14,674 - sqlalchemy.engine.Engine - INFO - COMMIT
2026-08-13 08:52:14,677 - sqlalchemy.engine.Engine - INFO - BEGIN (implicit)
2026-08-13 08:52:14,677 - sqlalchemy.engine.Engine - INFO - SELECT "user".id AS user_id, "user".username AS user_username, "user".email AS user_email, "user".hashed_password AS user_hashed_password, "user".full_name AS user_full_name, "user".role AS user_role, "user".is_active AS user_is_active, "user".created_at AS user_created_at, "user".updated_at AS user_updated_at, "user".last_login AS user_last_login 
FROM "user" 
WHERE "user".id = %(pk_1)s
2026-08-13 08:52:14,678 - sqlalchemy.engine.Engine - INFO - [cached since 1.339s ago] {'pk_1': 33}
2026-08-13 08:52:14,681 - main - INFO - POST /login - Status: 200 - Time: 0.299s
2026-08-13 08:52:14,682 - sqlalchemy.engine.Engine - INFO - ROLLBACK
2026-08-13 08:52:14,684 - httpx - INFO - HTTP Request: POST http://testserver/login "HTTP/1.1 200 OK"
2026-08-13 08:52:14,688 - sqlalchemy.engine.Engine - INFO - BEGIN (implicit)
2026-08-13 08:52:14,689 - sqlalchemy.engine.Engine - INFO - SELECT "user".id, "user".username, "user".email, "user".hashed_password, "user".full_name, "user".role, "user".is_active, "user".created_at, "user".updated_at, "user".last_login 
FROM "user" 
WHERE "user".username = %(username_1)s
2026-08-13 08:52:14,689 - sqlalchemy.engine.Engine - INFO - [cached since 2.415s ago] {'username_1': 'testuserb91cf7e0'}
2026-08-13 08:52:14,694 - main - INFO - GET /me - Status: 200 - Time: 0.007s
2026-08-13 08:52:14,695 - sqlalchemy.engine.Engine - INFO - ROLLBACK
2026-08-13 08:52:14,697 - httpx - INFO - HTTP Request: GET http://testserver/me "HTTP/1.1 200 OK"
2026-08-13 08:52:14,703 - sqlalchemy.engine.Engine - INFO - BEGIN (implicit)
2026-08-13 08:52:14,704 - sqlalchemy.engine.Engine - INFO - SELECT pg_catalog.pg_class.relname 
FROM pg_catalog.pg_class JOIN pg_catalog.pg_namespace ON pg_catalog.pg_namespace.oid = pg_catalog.pg_class.relnamespace 
WHERE pg_catalog.pg_class.relname = %(table_name)s AND pg_catalog.pg_class.relkind = ANY (ARRAY[%(param_1)s, %(param_2)s, %(param_3)s, %(param_4)s, %(param_5)s]) AND pg_catalog.pg_table_is_visible(pg_catalog.pg_class.oid) AND pg_catalog.pg_namespace.nspname != %(nspname_1)s
2026-08-13 08:52:14,704 - sqlalchemy.engine.Engine - INFO - [cached since 2.467s ago] {'table_name': 'user', 'param_1': 'r', 'param_2': 'p', 'param_3': 'f', 'param_4': 'v', 'param_5': 'm', 'nspname_1': 'pg_catalog'}
2026-08-13 08:52:14,707 - sqlalchemy.engine.Engine - INFO - SELECT pg_catalog.pg_class.relname 
FROM pg_catalog.pg_class JOIN pg_catalog.pg_namespace ON pg_catalog.pg_namespace.oid = pg_catalog.pg_class.relnamespace 
WHERE pg_catalog.pg_class.relname = %(table_name)s AND pg_catalog.pg_class.relkind = ANY (ARRAY[%(param_1)s, %(param_2)s, %(param_3)s, %(param_4)s, %(param_5)s]) AND pg_catalog.pg_table_is_visible(pg_catalog.pg_class.oid) AND pg_catalog.pg_namespace.nspname != %(nspname_1)s
2026-08-13 08:52:14,707 - sqlalchemy.engine.Engine - INFO - [cached since 2.47s ago] {'table_name': 'document', 'param_1': 'r', 'param_2': 'p', 'param_3': 'f', 'param_4': 'v', 'param_5': 'm', 'nspname_1': 'pg_catalog'}
2026-08-13 08:52:14,709 - sqlalchemy.engine.Engine - INFO - COMMIT
2026-08-13 08:52:14,715 - sqlalchemy.engine.Engine - INFO - BEGIN (implicit)
2026-08-13 08:52:14,716 - sqlalchemy.engine.Engine - INFO - SELECT "user".id, "user".username, "user".email, "user".hashed_password, "user".full_name, "user".role, "user".is_active, "user".created_at, "user".updated_at, "user".last_login 
FROM "user" 
WHERE "user".username = %(username_1)s
2026-08-13 08:52:14,716 - sqlalchemy.engine.Engine - INFO - [cached since 2.442s ago] {'username_1': 'testuserc93f66ea'}
2026-08-13 08:52:14,719 - sqlalchemy.engine.Engine - INFO - SELECT "user".id, "user".username, "user".email, "user".hashed_password, "user".full_name, "user".role, "user".is_active, "user".created_at, "user".updated_at, "user".last_login 
FROM "user" 
WHERE "user".email = %(email_1)s
2026-08-13 08:52:14,719 - sqlalchemy.engine.Engine - INFO - [cached since 2.439s ago] {'email_1': 'testc93f66ea@example.com'}
2026-08-13 08:52:15,007 - sqlalchemy.engine.Engine - INFO - INSERT INTO "user" (username, email, hashed_password, full_name, role, is_active, created_at, updated_at, last_login) VALUES (%(username)s, %(email)s, %(hashed_password)s, %(full_name)s, %(role)s, %(is_active)s, %(created_at)s, %(updated_at)s, %(last_login)s) RETURNING "user".id
2026-08-13 08:52:15,007 - sqlalchemy.engine.Engine - INFO - [cached since 2.381s ago] {'username': 'testuserc93f66ea', 'email': 'testc93f66ea@example.com', 'hashed_password': '$2b$12$rijubuXDe6AbSLCt8IbqoO6TwN5FzpUO14u6NGX912eaCTGLR6gF2', 'full_name': 'Test User', 'role': 'staff', 'is_active': True, 'created_at': datetime.datetime(2026, 8, 13, 5, 52, 15, 6216), 'updated_at': datetime.datetime(2026, 8, 13, 5, 52, 15, 6269), 'last_login': None}
2026-08-13 08:52:15,009 - sqlalchemy.engine.Engine - INFO - COMMIT
2026-08-13 08:52:15,012 - sqlalchemy.engine.Engine - INFO - BEGIN (implicit)
2026-08-13 08:52:15,013 - sqlalchemy.engine.Engine - INFO - SELECT "user".id, "user".username, "user".email, "user".hashed_password, "user".full_name, "user".role, "user".is_active, "user".created_at, "user".updated_at, "user".last_login 
FROM "user" 
WHERE "user".id = %(pk_1)s
2026-08-13 08:52:15,013 - sqlalchemy.engine.Engine - INFO - [cached since 2.375s ago] {'pk_1': 34}
2026-08-13 08:52:15,016 - main - INFO - POST /register - Status: 200 - Time: 0.304s
2026-08-13 08:52:15,017 - sqlalchemy.engine.Engine - INFO - ROLLBACK
2026-08-13 08:52:15,019 - httpx - INFO - HTTP Request: POST http://testserver/register "HTTP/1.1 200 OK"
2026-08-13 08:52:15,024 - sqlalchemy.engine.Engine - INFO - BEGIN (implicit)
2026-08-13 08:52:15,025 - sqlalchemy.engine.Engine - INFO - SELECT "user".id, "user".username, "user".email, "user".hashed_password, "user".full_name, "user".role, "user".is_active, "user".created_at, "user".updated_at, "user".last_login 
FROM "user" 
WHERE "user".username = %(username_1)s
2026-08-13 08:52:15,025 - sqlalchemy.engine.Engine - INFO - [cached since 2.751s ago] {'username_1': 'testuserc93f66ea'}
2026-08-13 08:52:15,308 - sqlalchemy.engine.Engine - INFO - UPDATE "user" SET last_login=%(last_login)s WHERE "user".id = %(user_id)s
2026-08-13 08:52:15,308 - sqlalchemy.engine.Engine - INFO - [cached since 1.978s ago] {'last_login': datetime.datetime(2026, 8, 13, 5, 52, 15, 307670), 'user_id': 34}
2026-08-13 08:52:15,311 - sqlalchemy.engine.Engine - INFO - COMMIT
2026-08-13 08:52:15,313 - sqlalchemy.engine.Engine - INFO - BEGIN (implicit)
2026-08-13 08:52:15,314 - sqlalchemy.engine.Engine - INFO - SELECT "user".id AS user_id, "user".username AS user_username, "user".email AS user_email, "user".hashed_password AS user_hashed_password, "user".full_name AS user_full_name, "user".role AS user_role, "user".is_active AS user_is_active, "user".created_at AS user_created_at, "user".updated_at AS user_updated_at, "user".last_login AS user_last_login 
FROM "user" 
WHERE "user".id = %(pk_1)s
2026-08-13 08:52:15,314 - sqlalchemy.engine.Engine - INFO - [cached since 1.975s ago] {'pk_1': 34}
2026-08-13 08:52:15,318 - main - INFO - POST /login - Status: 200 - Time: 0.297s
2026-08-13 08:52:15,318 - sqlalchemy.engine.Engine - INFO - ROLLBACK
2026-08-13 08:52:15,320 - httpx - INFO - HTTP Request: POST http://testserver/login "HTTP/1.1 200 OK"
2026-08-13 08:52:15,326 - sqlalchemy.engine.Engine - INFO - BEGIN (implicit)
2026-08-13 08:52:15,327 - sqlalchemy.engine.Engine - INFO - SELECT "user".id, "user".username, "user".email, "user".hashed_password, "user".full_name, "user".role, "user".is_active, "user".created_at, "user".updated_at, "user".last_login 
FROM "user" 
WHERE "user".username = %(username_1)s
2026-08-13 08:52:15,327 - sqlalchemy.engine.Engine - INFO - [cached since 3.053s ago] {'username_1': 'testuserc93f66ea'}
2026-08-13 08:52:15,334 - sqlalchemy.engine.Engine - INFO - SELECT document.id, document.filename, document.original_filename, document.file_size, document.file_type, document.status, document.city, document.country, document.weather_data, document.weather_fetched_at, document.description, document.uploader_id, document.uploaded_at, document.updated_at, document.file_path, document.version 
FROM document 
WHERE document.uploader_id = %(uploader_id_1)s
2026-08-13 08:52:15,335 - sqlalchemy.engine.Engine - INFO - [generated in 0.00048s] {'uploader_id_1': 34}
2026-08-13 08:52:15,338 - main - INFO - GET /documents - Status: 200 - Time: 0.015s
2026-08-13 08:52:15,338 - sqlalchemy.engine.Engine - INFO - ROLLBACK
2026-08-13 08:52:15,340 - httpx - INFO - HTTP Request: GET http://testserver/documents "HTTP/1.1 200 OK"
2026-08-13 08:52:15,347 - sqlalchemy.engine.Engine - INFO - BEGIN (implicit)
2026-08-13 08:52:15,347 - sqlalchemy.engine.Engine - INFO - SELECT pg_catalog.pg_class.relname 
FROM pg_catalog.pg_class JOIN pg_catalog.pg_namespace ON pg_catalog.pg_namespace.oid = pg_catalog.pg_class.relnamespace 
WHERE pg_catalog.pg_class.relname = %(table_name)s AND pg_catalog.pg_class.relkind = ANY (ARRAY[%(param_1)s, %(param_2)s, %(param_3)s, %(param_4)s, %(param_5)s]) AND pg_catalog.pg_table_is_visible(pg_catalog.pg_class.oid) AND pg_catalog.pg_namespace.nspname != %(nspname_1)s
2026-08-13 08:52:15,348 - sqlalchemy.engine.Engine - INFO - [cached since 3.111s ago] {'table_name': 'user', 'param_1': 'r', 'param_2': 'p', 'param_3': 'f', 'param_4': 'v', 'param_5': 'm', 'nspname_1': 'pg_catalog'}
2026-08-13 08:52:15,350 - sqlalchemy.engine.Engine - INFO - SELECT pg_catalog.pg_class.relname 
FROM pg_catalog.pg_class JOIN pg_catalog.pg_namespace ON pg_catalog.pg_namespace.oid = pg_catalog.pg_class.relnamespace 
WHERE pg_catalog.pg_class.relname = %(table_name)s AND pg_catalog.pg_class.relkind = ANY (ARRAY[%(param_1)s, %(param_2)s, %(param_3)s, %(param_4)s, %(param_5)s]) AND pg_catalog.pg_table_is_visible(pg_catalog.pg_class.oid) AND pg_catalog.pg_namespace.nspname != %(nspname_1)s
2026-08-13 08:52:15,350 - sqlalchemy.engine.Engine - INFO - [cached since 3.114s ago] {'table_name': 'document', 'param_1': 'r', 'param_2': 'p', 'param_3': 'f', 'param_4': 'v', 'param_5': 'm', 'nspname_1': 'pg_catalog'}
2026-08-13 08:52:15,352 - sqlalchemy.engine.Engine - INFO - COMMIT
2026-08-13 08:52:15,358 - sqlalchemy.engine.Engine - INFO - BEGIN (implicit)
2026-08-13 08:52:15,359 - sqlalchemy.engine.Engine - INFO - SELECT "user".id, "user".username, "user".email, "user".hashed_password, "user".full_name, "user".role, "user".is_active, "user".created_at, "user".updated_at, "user".last_login 
FROM "user" 
WHERE "user".username = %(username_1)s
2026-08-13 08:52:15,359 - sqlalchemy.engine.Engine - INFO - [cached since 3.085s ago] {'username_1': 'testuser78fdb254'}
2026-08-13 08:52:15,362 - sqlalchemy.engine.Engine - INFO - SELECT "user".id, "user".username, "user".email, "user".hashed_password, "user".full_name, "user".role, "user".is_active, "user".created_at, "user".updated_at, "user".last_login 
FROM "user" 
WHERE "user".email = %(email_1)s
2026-08-13 08:52:15,362 - sqlalchemy.engine.Engine - INFO - [cached since 3.082s ago] {'email_1': 'test78fdb254@example.com'}
2026-08-13 08:52:15,644 - sqlalchemy.engine.Engine - INFO - INSERT INTO "user" (username, email, hashed_password, full_name, role, is_active, created_at, updated_at, last_login) VALUES (%(username)s, %(email)s, %(hashed_password)s, %(full_name)s, %(role)s, %(is_active)s, %(created_at)s, %(updated_at)s, %(last_login)s) RETURNING "user".id
2026-08-13 08:52:15,644 - sqlalchemy.engine.Engine - INFO - [cached since 3.018s ago] {'username': 'testuser78fdb254', 'email': 'test78fdb254@example.com', 'hashed_password': '$2b$12$0if4DhvtwTDytFs0u4z2ZOQgojsaC59IJaVYDvSQczweBBdODAjNm', 'full_name': 'Test User', 'role': 'staff', 'is_active': True, 'created_at': datetime.datetime(2026, 8, 13, 5, 52, 15, 643312), 'updated_at': datetime.datetime(2026, 8, 13, 5, 52, 15, 643501), 'last_login': None}
2026-08-13 08:52:15,647 - sqlalchemy.engine.Engine - INFO - COMMIT
2026-08-13 08:52:15,649 - sqlalchemy.engine.Engine - INFO - BEGIN (implicit)
2026-08-13 08:52:15,650 - sqlalchemy.engine.Engine - INFO - SELECT "user".id, "user".username, "user".email, "user".hashed_password, "user".full_name, "user".role, "user".is_active, "user".created_at, "user".updated_at, "user".last_login 
FROM "user" 
WHERE "user".id = %(pk_1)s
2026-08-13 08:52:15,650 - sqlalchemy.engine.Engine - INFO - [cached since 3.012s ago] {'pk_1': 35}
2026-08-13 08:52:15,654 - main - INFO - POST /register - Status: 200 - Time: 0.298s
2026-08-13 08:52:15,655 - sqlalchemy.engine.Engine - INFO - ROLLBACK
2026-08-13 08:52:15,657 - httpx - INFO - HTTP Request: POST http://testserver/register "HTTP/1.1 200 OK"
2026-08-13 08:52:15,662 - sqlalchemy.engine.Engine - INFO - BEGIN (implicit)
2026-08-13 08:52:15,663 - sqlalchemy.engine.Engine - INFO - SELECT "user".id, "user".username, "user".email, "user".hashed_password, "user".full_name, "user".role, "user".is_active, "user".created_at, "user".updated_at, "user".last_login 
FROM "user" 
WHERE "user".username = %(username_1)s
2026-08-13 08:52:15,663 - sqlalchemy.engine.Engine - INFO - [cached since 3.389s ago] {'username_1': 'testuser78fdb254'}
2026-08-13 08:52:15,945 - sqlalchemy.engine.Engine - INFO - UPDATE "user" SET last_login=%(last_login)s WHERE "user".id = %(user_id)s
2026-08-13 08:52:15,945 - sqlalchemy.engine.Engine - INFO - [cached since 2.614s ago] {'last_login': datetime.datetime(2026, 8, 13, 5, 52, 15, 944533), 'user_id': 35}
2026-08-13 08:52:15,947 - sqlalchemy.engine.Engine - INFO - COMMIT
2026-08-13 08:52:15,950 - sqlalchemy.engine.Engine - INFO - BEGIN (implicit)
2026-08-13 08:52:15,950 - sqlalchemy.engine.Engine - INFO - SELECT "user".id AS user_id, "user".username AS user_username, "user".email AS user_email, "user".hashed_password AS user_hashed_password, "user".full_name AS user_full_name, "user".role AS user_role, "user".is_active AS user_is_active, "user".created_at AS user_created_at, "user".updated_at AS user_updated_at, "user".last_login AS user_last_login 
FROM "user" 
WHERE "user".id = %(pk_1)s
2026-08-13 08:52:15,951 - sqlalchemy.engine.Engine - INFO - [cached since 2.612s ago] {'pk_1': 35}
2026-08-13 08:52:15,954 - main - INFO - POST /login - Status: 200 - Time: 0.296s
2026-08-13 08:52:15,955 - sqlalchemy.engine.Engine - INFO - ROLLBACK
2026-08-13 08:52:15,957 - httpx - INFO - HTTP Request: POST http://testserver/login "HTTP/1.1 200 OK"
2026-08-13 08:52:15,962 - sqlalchemy.engine.Engine - INFO - BEGIN (implicit)
2026-08-13 08:52:15,963 - sqlalchemy.engine.Engine - INFO - SELECT "user".id, "user".username, "user".email, "user".hashed_password, "user".full_name, "user".role, "user".is_active, "user".created_at, "user".updated_at, "user".last_login 
FROM "user" 
WHERE "user".username = %(username_1)s
2026-08-13 08:52:15,963 - sqlalchemy.engine.Engine - INFO - [cached since 3.689s ago] {'username_1': 'testuser78fdb254'}
2026-08-13 08:52:15,969 - sqlalchemy.engine.Engine - INFO - SELECT document.id, document.filename, document.original_filename, document.file_size, document.file_type, document.status, document.city, document.country, document.weather_data, document.weather_fetched_at, document.description, document.uploader_id, document.uploaded_at, document.updated_at, document.file_path, document.version 
FROM document 
WHERE document.uploader_id = %(uploader_id_1)s AND (document.original_filename LIKE '%%' || %(original_filename_1)s || '%%')
2026-08-13 08:52:15,970 - sqlalchemy.engine.Engine - INFO - [generated in 0.00043s] {'uploader_id_1': 35, 'original_filename_1': 'test'}
2026-08-13 08:52:15,972 - main - INFO - GET /documents/search - Status: 200 - Time: 0.013s
2026-08-13 08:52:15,973 - sqlalchemy.engine.Engine - INFO - ROLLBACK
2026-08-13 08:52:15,975 - httpx - INFO - HTTP Request: GET http://testserver/documents/search?q=test "HTTP/1.1 200 OK"
2026-08-13 08:52:15,982 - sqlalchemy.engine.Engine - INFO - BEGIN (implicit)
2026-08-13 08:52:15,982 - sqlalchemy.engine.Engine - INFO - SELECT pg_catalog.pg_class.relname 
FROM pg_catalog.pg_class JOIN pg_catalog.pg_namespace ON pg_catalog.pg_namespace.oid = pg_catalog.pg_class.relnamespace 
WHERE pg_catalog.pg_class.relname = %(table_name)s AND pg_catalog.pg_class.relkind = ANY (ARRAY[%(param_1)s, %(param_2)s, %(param_3)s, %(param_4)s, %(param_5)s]) AND pg_catalog.pg_table_is_visible(pg_catalog.pg_class.oid) AND pg_catalog.pg_namespace.nspname != %(nspname_1)s
2026-08-13 08:52:15,983 - sqlalchemy.engine.Engine - INFO - [cached since 3.746s ago] {'table_name': 'user', 'param_1': 'r', 'param_2': 'p', 'param_3': 'f', 'param_4': 'v', 'param_5': 'm', 'nspname_1': 'pg_catalog'}
2026-08-13 08:52:15,985 - sqlalchemy.engine.Engine - INFO - SELECT pg_catalog.pg_class.relname 
FROM pg_catalog.pg_class JOIN pg_catalog.pg_namespace ON pg_catalog.pg_namespace.oid = pg_catalog.pg_class.relnamespace 
WHERE pg_catalog.pg_class.relname = %(table_name)s AND pg_catalog.pg_class.relkind = ANY (ARRAY[%(param_1)s, %(param_2)s, %(param_3)s, %(param_4)s, %(param_5)s]) AND pg_catalog.pg_table_is_visible(pg_catalog.pg_class.oid) AND pg_catalog.pg_namespace.nspname != %(nspname_1)s
2026-08-13 08:52:15,985 - sqlalchemy.engine.Engine - INFO - [cached since 3.749s ago] {'table_name': 'document', 'param_1': 'r', 'param_2': 'p', 'param_3': 'f', 'param_4': 'v', 'param_5': 'm', 'nspname_1': 'pg_catalog'}
2026-08-13 08:52:15,987 - sqlalchemy.engine.Engine - INFO - COMMIT
2026-08-13 08:52:15,993 - sqlalchemy.engine.Engine - INFO - BEGIN (implicit)
2026-08-13 08:52:15,994 - sqlalchemy.engine.Engine - INFO - SELECT "user".id, "user".username, "user".email, "user".hashed_password, "user".full_name, "user".role, "user".is_active, "user".created_at, "user".updated_at, "user".last_login 
FROM "user" 
WHERE "user".username = %(username_1)s
2026-08-13 08:52:15,994 - sqlalchemy.engine.Engine - INFO - [cached since 3.72s ago] {'username_1': 'testuser41842547'}
2026-08-13 08:52:15,997 - sqlalchemy.engine.Engine - INFO - SELECT "user".id, "user".username, "user".email, "user".hashed_password, "user".full_name, "user".role, "user".is_active, "user".created_at, "user".updated_at, "user".last_login 
FROM "user" 
WHERE "user".email = %(email_1)s
2026-08-13 08:52:15,997 - sqlalchemy.engine.Engine - INFO - [cached since 3.717s ago] {'email_1': 'test41842547@example.com'}
2026-08-13 08:52:16,280 - sqlalchemy.engine.Engine - INFO - INSERT INTO "user" (username, email, hashed_password, full_name, role, is_active, created_at, updated_at, last_login) VALUES (%(username)s, %(email)s, %(hashed_password)s, %(full_name)s, %(role)s, %(is_active)s, %(created_at)s, %(updated_at)s, %(last_login)s) RETURNING "user".id
2026-08-13 08:52:16,280 - sqlalchemy.engine.Engine - INFO - [cached since 3.654s ago] {'username': 'testuser41842547', 'email': 'test41842547@example.com', 'hashed_password': '$2b$12$6fdHPJmbHI1LBIoYctrVAeehZGBEYw0KpzMu2qq1Shw3fiaMtv5XG', 'full_name': 'Test User', 'role': 'staff', 'is_active': True, 'created_at': datetime.datetime(2026, 8, 13, 5, 52, 16, 279638), 'updated_at': datetime.datetime(2026, 8, 13, 5, 52, 16, 279687), 'last_login': None}
2026-08-13 08:52:16,283 - sqlalchemy.engine.Engine - INFO - COMMIT
2026-08-13 08:52:16,285 - sqlalchemy.engine.Engine - INFO - BEGIN (implicit)
2026-08-13 08:52:16,286 - sqlalchemy.engine.Engine - INFO - SELECT "user".id, "user".username, "user".email, "user".hashed_password, "user".full_name, "user".role, "user".is_active, "user".created_at, "user".updated_at, "user".last_login 
FROM "user" 
WHERE "user".id = %(pk_1)s
2026-08-13 08:52:16,286 - sqlalchemy.engine.Engine - INFO - [cached since 3.648s ago] {'pk_1': 36}
2026-08-13 08:52:16,290 - main - INFO - POST /register - Status: 200 - Time: 0.300s
2026-08-13 08:52:16,291 - sqlalchemy.engine.Engine - INFO - ROLLBACK
2026-08-13 08:52:16,292 - httpx - INFO - HTTP Request: POST http://testserver/register "HTTP/1.1 200 OK"
2026-08-13 08:52:16,298 - sqlalchemy.engine.Engine - INFO - BEGIN (implicit)
2026-08-13 08:52:16,299 - sqlalchemy.engine.Engine - INFO - SELECT "user".id, "user".username, "user".email, "user".hashed_password, "user".full_name, "user".role, "user".is_active, "user".created_at, "user".updated_at, "user".last_login 
FROM "user" 
WHERE "user".username = %(username_1)s
2026-08-13 08:52:16,299 - sqlalchemy.engine.Engine - INFO - [cached since 4.025s ago] {'username_1': 'testuser41842547'}
2026-08-13 08:52:16,580 - sqlalchemy.engine.Engine - INFO - UPDATE "user" SET last_login=%(last_login)s WHERE "user".id = %(user_id)s
2026-08-13 08:52:16,580 - sqlalchemy.engine.Engine - INFO - [cached since 3.25s ago] {'last_login': datetime.datetime(2026, 8, 13, 5, 52, 16, 579800), 'user_id': 36}
2026-08-13 08:52:16,582 - sqlalchemy.engine.Engine - INFO - COMMIT
2026-08-13 08:52:16,585 - sqlalchemy.engine.Engine - INFO - BEGIN (implicit)
2026-08-13 08:52:16,586 - sqlalchemy.engine.Engine - INFO - SELECT "user".id AS user_id, "user".username AS user_username, "user".email AS user_email, "user".hashed_password AS user_hashed_password, "user".full_name AS user_full_name, "user".role AS user_role, "user".is_active AS user_is_active, "user".created_at AS user_created_at, "user".updated_at AS user_updated_at, "user".last_login AS user_last_login 
FROM "user" 
WHERE "user".id = %(pk_1)s
2026-08-13 08:52:16,586 - sqlalchemy.engine.Engine - INFO - [cached since 3.247s ago] {'pk_1': 36}
2026-08-13 08:52:16,589 - main - INFO - POST /login - Status: 200 - Time: 0.295s
2026-08-13 08:52:16,590 - sqlalchemy.engine.Engine - INFO - ROLLBACK
2026-08-13 08:52:16,592 - httpx - INFO - HTTP Request: POST http://testserver/login "HTTP/1.1 200 OK"
2026-08-13 08:52:16,598 - sqlalchemy.engine.Engine - INFO - BEGIN (implicit)
2026-08-13 08:52:16,598 - sqlalchemy.engine.Engine - INFO - SELECT "user".id, "user".username, "user".email, "user".hashed_password, "user".full_name, "user".role, "user".is_active, "user".created_at, "user".updated_at, "user".last_login 
FROM "user" 
WHERE "user".username = %(username_1)s
2026-08-13 08:52:16,599 - sqlalchemy.engine.Engine - INFO - [cached since 4.325s ago] {'username_1': 'testuser41842547'}
2026-08-13 08:52:16,605 - sqlalchemy.engine.Engine - INFO - SELECT document.id AS document_id, document.filename AS document_filename, document.original_filename AS document_original_filename, document.file_size AS document_file_size, document.file_type AS document_file_type, document.status AS document_status, document.city AS document_city, document.country AS document_country, document.weather_data AS document_weather_data, document.weather_fetched_at AS document_weather_fetched_at, document.description AS document_description, document.uploader_id AS document_uploader_id, document.uploaded_at AS document_uploaded_at, document.updated_at AS document_updated_at, document.file_path AS document_file_path, document.version AS document_version 
FROM document 
WHERE document.id = %(pk_1)s
2026-08-13 08:52:16,605 - sqlalchemy.engine.Engine - INFO - [generated in 0.00044s] {'pk_1': 999999}
2026-08-13 08:52:16,608 - sqlalchemy.engine.Engine - INFO - ROLLBACK
2026-08-13 08:52:16,610 - main - INFO - GET /documents/999999 - Status: 404 - Time: 0.015s
2026-08-13 08:52:16,611 - httpx - INFO - HTTP Request: GET http://testserver/documents/999999 "HTTP/1.1 404 Not Found"
2026-08-13 08:52:16,617 - sqlalchemy.engine.Engine - INFO - BEGIN (implicit)
2026-08-13 08:52:16,618 - sqlalchemy.engine.Engine - INFO - SELECT pg_catalog.pg_class.relname 
FROM pg_catalog.pg_class JOIN pg_catalog.pg_namespace ON pg_catalog.pg_namespace.oid = pg_catalog.pg_class.relnamespace 
WHERE pg_catalog.pg_class.relname = %(table_name)s AND pg_catalog.pg_class.relkind = ANY (ARRAY[%(param_1)s, %(param_2)s, %(param_3)s, %(param_4)s, %(param_5)s]) AND pg_catalog.pg_table_is_visible(pg_catalog.pg_class.oid) AND pg_catalog.pg_namespace.nspname != %(nspname_1)s
2026-08-13 08:52:16,618 - sqlalchemy.engine.Engine - INFO - [cached since 4.382s ago] {'table_name': 'user', 'param_1': 'r', 'param_2': 'p', 'param_3': 'f', 'param_4': 'v', 'param_5': 'm', 'nspname_1': 'pg_catalog'}
2026-08-13 08:52:16,621 - sqlalchemy.engine.Engine - INFO - SELECT pg_catalog.pg_class.relname 
FROM pg_catalog.pg_class JOIN pg_catalog.pg_namespace ON pg_catalog.pg_namespace.oid = pg_catalog.pg_class.relnamespace 
WHERE pg_catalog.pg_class.relname = %(table_name)s AND pg_catalog.pg_class.relkind = ANY (ARRAY[%(param_1)s, %(param_2)s, %(param_3)s, %(param_4)s, %(param_5)s]) AND pg_catalog.pg_table_is_visible(pg_catalog.pg_class.oid) AND pg_catalog.pg_namespace.nspname != %(nspname_1)s
2026-08-13 08:52:16,621 - sqlalchemy.engine.Engine - INFO - [cached since 4.384s ago] {'table_name': 'document', 'param_1': 'r', 'param_2': 'p', 'param_3': 'f', 'param_4': 'v', 'param_5': 'm', 'nspname_1': 'pg_catalog'}
2026-08-13 08:52:16,623 - sqlalchemy.engine.Engine - INFO - COMMIT
2026-08-13 08:52:16,629 - sqlalchemy.engine.Engine - INFO - BEGIN (implicit)
2026-08-13 08:52:16,630 - sqlalchemy.engine.Engine - INFO - SELECT "user".id, "user".username, "user".email, "user".hashed_password, "user".full_name, "user".role, "user".is_active, "user".created_at, "user".updated_at, "user".last_login 
FROM "user" 
WHERE "user".username = %(username_1)s
2026-08-13 08:52:16,630 - sqlalchemy.engine.Engine - INFO - [cached since 4.356s ago] {'username_1': 'testuser061b2b8d'}
2026-08-13 08:52:16,633 - sqlalchemy.engine.Engine - INFO - SELECT "user".id, "user".username, "user".email, "user".hashed_password, "user".full_name, "user".role, "user".is_active, "user".created_at, "user".updated_at, "user".last_login 
FROM "user" 
WHERE "user".email = %(email_1)s
2026-08-13 08:52:16,633 - sqlalchemy.engine.Engine - INFO - [cached since 4.353s ago] {'email_1': 'test061b2b8d@example.com'}
2026-08-13 08:52:16,918 - sqlalchemy.engine.Engine - INFO - INSERT INTO "user" (username, email, hashed_password, full_name, role, is_active, created_at, updated_at, last_login) VALUES (%(username)s, %(email)s, %(hashed_password)s, %(full_name)s, %(role)s, %(is_active)s, %(created_at)s, %(updated_at)s, %(last_login)s) RETURNING "user".id
2026-08-13 08:52:16,918 - sqlalchemy.engine.Engine - INFO - [cached since 4.292s ago] {'username': 'testuser061b2b8d', 'email': 'test061b2b8d@example.com', 'hashed_password': '$2b$12$C33xVu4vCw4yVNdITJqga.PT6/oxArgsi0RhBt3A9Z7mzY.lfpONa', 'full_name': 'Test User', 'role': 'staff', 'is_active': True, 'created_at': datetime.datetime(2026, 8, 13, 5, 52, 16, 917188), 'updated_at': datetime.datetime(2026, 8, 13, 5, 52, 16, 917235), 'last_login': None}
2026-08-13 08:52:16,920 - sqlalchemy.engine.Engine - INFO - COMMIT
2026-08-13 08:52:16,923 - sqlalchemy.engine.Engine - INFO - BEGIN (implicit)
2026-08-13 08:52:16,923 - sqlalchemy.engine.Engine - INFO - SELECT "user".id, "user".username, "user".email, "user".hashed_password, "user".full_name, "user".role, "user".is_active, "user".created_at, "user".updated_at, "user".last_login 
FROM "user" 
WHERE "user".id = %(pk_1)s
2026-08-13 08:52:16,923 - sqlalchemy.engine.Engine - INFO - [cached since 4.285s ago] {'pk_1': 37}
2026-08-13 08:52:16,927 - main - INFO - POST /register - Status: 200 - Time: 0.301s
2026-08-13 08:52:16,928 - sqlalchemy.engine.Engine - INFO - ROLLBACK
2026-08-13 08:52:16,930 - httpx - INFO - HTTP Request: POST http://testserver/register "HTTP/1.1 200 OK"
2026-08-13 08:52:16,935 - sqlalchemy.engine.Engine - INFO - BEGIN (implicit)
2026-08-13 08:52:16,935 - sqlalchemy.engine.Engine - INFO - SELECT "user".id, "user".username, "user".email, "user".hashed_password, "user".full_name, "user".role, "user".is_active, "user".created_at, "user".updated_at, "user".last_login 
FROM "user" 
WHERE "user".username = %(username_1)s
2026-08-13 08:52:16,935 - sqlalchemy.engine.Engine - INFO - [cached since 4.661s ago] {'username_1': 'testuser061b2b8d'}
2026-08-13 08:52:17,215 - sqlalchemy.engine.Engine - INFO - UPDATE "user" SET last_login=%(last_login)s WHERE "user".id = %(user_id)s
2026-08-13 08:52:17,216 - sqlalchemy.engine.Engine - INFO - [cached since 3.885s ago] {'last_login': datetime.datetime(2026, 8, 13, 5, 52, 17, 215004), 'user_id': 37}
2026-08-13 08:52:17,218 - sqlalchemy.engine.Engine - INFO - COMMIT
2026-08-13 08:52:17,220 - sqlalchemy.engine.Engine - INFO - BEGIN (implicit)
2026-08-13 08:52:17,221 - sqlalchemy.engine.Engine - INFO - SELECT "user".id AS user_id, "user".username AS user_username, "user".email AS user_email, "user".hashed_password AS user_hashed_password, "user".full_name AS user_full_name, "user".role AS user_role, "user".is_active AS user_is_active, "user".created_at AS user_created_at, "user".updated_at AS user_updated_at, "user".last_login AS user_last_login 
FROM "user" 
WHERE "user".id = %(pk_1)s
2026-08-13 08:52:17,221 - sqlalchemy.engine.Engine - INFO - [cached since 3.882s ago] {'pk_1': 37}
2026-08-13 08:52:17,225 - main - INFO - POST /login - Status: 200 - Time: 0.293s
2026-08-13 08:52:17,225 - sqlalchemy.engine.Engine - INFO - ROLLBACK
2026-08-13 08:52:17,227 - httpx - INFO - HTTP Request: POST http://testserver/login "HTTP/1.1 200 OK"
2026-08-13 08:52:17,233 - sqlalchemy.engine.Engine - INFO - BEGIN (implicit)
2026-08-13 08:52:17,234 - sqlalchemy.engine.Engine - INFO - SELECT "user".id, "user".username, "user".email, "user".hashed_password, "user".full_name, "user".role, "user".is_active, "user".created_at, "user".updated_at, "user".last_login 
FROM "user" 
WHERE "user".username = %(username_1)s
2026-08-13 08:52:17,234 - sqlalchemy.engine.Engine - INFO - [cached since 4.96s ago] {'username_1': 'testuser061b2b8d'}
2026-08-13 08:52:17,238 - sqlalchemy.engine.Engine - INFO - SELECT document.id AS document_id, document.filename AS document_filename, document.original_filename AS document_original_filename, document.file_size AS document_file_size, document.file_type AS document_file_type, document.status AS document_status, document.city AS document_city, document.country AS document_country, document.weather_data AS document_weather_data, document.weather_fetched_at AS document_weather_fetched_at, document.description AS document_description, document.uploader_id AS document_uploader_id, document.uploaded_at AS document_uploaded_at, document.updated_at AS document_updated_at, document.file_path AS document_file_path, document.version AS document_version 
FROM document 
WHERE document.id = %(pk_1)s
2026-08-13 08:52:17,238 - sqlalchemy.engine.Engine - INFO - [cached since 0.6333s ago] {'pk_1': 999999}
2026-08-13 08:52:17,241 - sqlalchemy.engine.Engine - INFO - ROLLBACK
2026-08-13 08:52:17,242 - main - INFO - PUT /documents/999999 - Status: 404 - Time: 0.012s
2026-08-13 08:52:17,243 - httpx - INFO - HTTP Request: PUT http://testserver/documents/999999 "HTTP/1.1 404 Not Found"
2026-08-13 08:52:17,250 - sqlalchemy.engine.Engine - INFO - BEGIN (implicit)
2026-08-13 08:52:17,250 - sqlalchemy.engine.Engine - INFO - SELECT pg_catalog.pg_class.relname 
FROM pg_catalog.pg_class JOIN pg_catalog.pg_namespace ON pg_catalog.pg_namespace.oid = pg_catalog.pg_class.relnamespace 
WHERE pg_catalog.pg_class.relname = %(table_name)s AND pg_catalog.pg_class.relkind = ANY (ARRAY[%(param_1)s, %(param_2)s, %(param_3)s, %(param_4)s, %(param_5)s]) AND pg_catalog.pg_table_is_visible(pg_catalog.pg_class.oid) AND pg_catalog.pg_namespace.nspname != %(nspname_1)s
2026-08-13 08:52:17,250 - sqlalchemy.engine.Engine - INFO - [cached since 5.014s ago] {'table_name': 'user', 'param_1': 'r', 'param_2': 'p', 'param_3': 'f', 'param_4': 'v', 'param_5': 'm', 'nspname_1': 'pg_catalog'}
2026-08-13 08:52:17,253 - sqlalchemy.engine.Engine - INFO - SELECT pg_catalog.pg_class.relname 
FROM pg_catalog.pg_class JOIN pg_catalog.pg_namespace ON pg_catalog.pg_namespace.oid = pg_catalog.pg_class.relnamespace 
WHERE pg_catalog.pg_class.relname = %(table_name)s AND pg_catalog.pg_class.relkind = ANY (ARRAY[%(param_1)s, %(param_2)s, %(param_3)s, %(param_4)s, %(param_5)s]) AND pg_catalog.pg_table_is_visible(pg_catalog.pg_class.oid) AND pg_catalog.pg_namespace.nspname != %(nspname_1)s
2026-08-13 08:52:17,253 - sqlalchemy.engine.Engine - INFO - [cached since 5.017s ago] {'table_name': 'document', 'param_1': 'r', 'param_2': 'p', 'param_3': 'f', 'param_4': 'v', 'param_5': 'm', 'nspname_1': 'pg_catalog'}
2026-08-13 08:52:17,255 - sqlalchemy.engine.Engine - INFO - COMMIT
2026-08-13 08:52:17,262 - sqlalchemy.engine.Engine - INFO - BEGIN (implicit)
2026-08-13 08:52:17,262 - sqlalchemy.engine.Engine - INFO - SELECT "user".id, "user".username, "user".email, "user".hashed_password, "user".full_name, "user".role, "user".is_active, "user".created_at, "user".updated_at, "user".last_login 
FROM "user" 
WHERE "user".username = %(username_1)s
2026-08-13 08:52:17,263 - sqlalchemy.engine.Engine - INFO - [cached since 4.989s ago] {'username_1': 'testuser775718ed'}
2026-08-13 08:52:17,265 - sqlalchemy.engine.Engine - INFO - SELECT "user".id, "user".username, "user".email, "user".hashed_password, "user".full_name, "user".role, "user".is_active, "user".created_at, "user".updated_at, "user".last_login 
FROM "user" 
WHERE "user".email = %(email_1)s
2026-08-13 08:52:17,266 - sqlalchemy.engine.Engine - INFO - [cached since 4.985s ago] {'email_1': 'test775718ed@example.com'}
2026-08-13 08:52:17,548 - sqlalchemy.engine.Engine - INFO - INSERT INTO "user" (username, email, hashed_password, full_name, role, is_active, created_at, updated_at, last_login) VALUES (%(username)s, %(email)s, %(hashed_password)s, %(full_name)s, %(role)s, %(is_active)s, %(created_at)s, %(updated_at)s, %(last_login)s) RETURNING "user".id
2026-08-13 08:52:17,548 - sqlalchemy.engine.Engine - INFO - [cached since 4.922s ago] {'username': 'testuser775718ed', 'email': 'test775718ed@example.com', 'hashed_password': '$2b$12$LsdVm7J7Qe2kTEHX8ELQKurA1oETjijMIL6RDQiSJcQowD/c/yAgu', 'full_name': 'Test User', 'role': 'staff', 'is_active': True, 'created_at': datetime.datetime(2026, 8, 13, 5, 52, 17, 547127), 'updated_at': datetime.datetime(2026, 8, 13, 5, 52, 17, 547179), 'last_login': None}
2026-08-13 08:52:17,550 - sqlalchemy.engine.Engine - INFO - COMMIT
2026-08-13 08:52:17,553 - sqlalchemy.engine.Engine - INFO - BEGIN (implicit)
2026-08-13 08:52:17,554 - sqlalchemy.engine.Engine - INFO - SELECT "user".id, "user".username, "user".email, "user".hashed_password, "user".full_name, "user".role, "user".is_active, "user".created_at, "user".updated_at, "user".last_login 
FROM "user" 
WHERE "user".id = %(pk_1)s
2026-08-13 08:52:17,554 - sqlalchemy.engine.Engine - INFO - [cached since 4.916s ago] {'pk_1': 38}
2026-08-13 08:52:17,558 - main - INFO - POST /register - Status: 200 - Time: 0.299s
2026-08-13 08:52:17,558 - sqlalchemy.engine.Engine - INFO - ROLLBACK
2026-08-13 08:52:17,561 - httpx - INFO - HTTP Request: POST http://testserver/register "HTTP/1.1 200 OK"
2026-08-13 08:52:17,565 - sqlalchemy.engine.Engine - INFO - BEGIN (implicit)
2026-08-13 08:52:17,566 - sqlalchemy.engine.Engine - INFO - SELECT "user".id, "user".username, "user".email, "user".hashed_password, "user".full_name, "user".role, "user".is_active, "user".created_at, "user".updated_at, "user".last_login 
FROM "user" 
WHERE "user".username = %(username_1)s
2026-08-13 08:52:17,566 - sqlalchemy.engine.Engine - INFO - [cached since 5.292s ago] {'username_1': 'testuser775718ed'}
2026-08-13 08:52:17,849 - sqlalchemy.engine.Engine - INFO - UPDATE "user" SET last_login=%(last_login)s WHERE "user".id = %(user_id)s
2026-08-13 08:52:17,849 - sqlalchemy.engine.Engine - INFO - [cached since 4.519s ago] {'last_login': datetime.datetime(2026, 8, 13, 5, 52, 17, 848787), 'user_id': 38}
2026-08-13 08:52:17,851 - sqlalchemy.engine.Engine - INFO - COMMIT
2026-08-13 08:52:17,854 - sqlalchemy.engine.Engine - INFO - BEGIN (implicit)
2026-08-13 08:52:17,855 - sqlalchemy.engine.Engine - INFO - SELECT "user".id AS user_id, "user".username AS user_username, "user".email AS user_email, "user".hashed_password AS user_hashed_password, "user".full_name AS user_full_name, "user".role AS user_role, "user".is_active AS user_is_active, "user".created_at AS user_created_at, "user".updated_at AS user_updated_at, "user".last_login AS user_last_login 
FROM "user" 
WHERE "user".id = %(pk_1)s
2026-08-13 08:52:17,855 - sqlalchemy.engine.Engine - INFO - [cached since 4.516s ago] {'pk_1': 38}
2026-08-13 08:52:17,858 - main - INFO - POST /login - Status: 200 - Time: 0.296s
2026-08-13 08:52:17,859 - sqlalchemy.engine.Engine - INFO - ROLLBACK
2026-08-13 08:52:17,861 - httpx - INFO - HTTP Request: POST http://testserver/login "HTTP/1.1 200 OK"
2026-08-13 08:52:17,866 - sqlalchemy.engine.Engine - INFO - BEGIN (implicit)
2026-08-13 08:52:17,867 - sqlalchemy.engine.Engine - INFO - SELECT "user".id, "user".username, "user".email, "user".hashed_password, "user".full_name, "user".role, "user".is_active, "user".created_at, "user".updated_at, "user".last_login 
FROM "user" 
WHERE "user".username = %(username_1)s
2026-08-13 08:52:17,867 - sqlalchemy.engine.Engine - INFO - [cached since 5.593s ago] {'username_1': 'testuser775718ed'}
2026-08-13 08:52:17,871 - sqlalchemy.engine.Engine - INFO - ROLLBACK
2026-08-13 08:52:17,872 - main - INFO - DELETE /documents/999999 - Status: 403 - Time: 0.009s
2026-08-13 08:52:17,874 - httpx - INFO - HTTP Request: DELETE http://testserver/documents/999999 "HTTP/1.1 403 Forbidden"
2026-08-13 08:52:17,881 - sqlalchemy.engine.Engine - INFO - BEGIN (implicit)
2026-08-13 08:52:17,881 - sqlalchemy.engine.Engine - INFO - SELECT pg_catalog.pg_class.relname 
FROM pg_catalog.pg_class JOIN pg_catalog.pg_namespace ON pg_catalog.pg_namespace.oid = pg_catalog.pg_class.relnamespace 
WHERE pg_catalog.pg_class.relname = %(table_name)s AND pg_catalog.pg_class.relkind = ANY (ARRAY[%(param_1)s, %(param_2)s, %(param_3)s, %(param_4)s, %(param_5)s]) AND pg_catalog.pg_table_is_visible(pg_catalog.pg_class.oid) AND pg_catalog.pg_namespace.nspname != %(nspname_1)s
2026-08-13 08:52:17,882 - sqlalchemy.engine.Engine - INFO - [cached since 5.645s ago] {'table_name': 'user', 'param_1': 'r', 'param_2': 'p', 'param_3': 'f', 'param_4': 'v', 'param_5': 'm', 'nspname_1': 'pg_catalog'}
2026-08-13 08:52:17,884 - sqlalchemy.engine.Engine - INFO - SELECT pg_catalog.pg_class.relname 
FROM pg_catalog.pg_class JOIN pg_catalog.pg_namespace ON pg_catalog.pg_namespace.oid = pg_catalog.pg_class.relnamespace 
WHERE pg_catalog.pg_class.relname = %(table_name)s AND pg_catalog.pg_class.relkind = ANY (ARRAY[%(param_1)s, %(param_2)s, %(param_3)s, %(param_4)s, %(param_5)s]) AND pg_catalog.pg_table_is_visible(pg_catalog.pg_class.oid) AND pg_catalog.pg_namespace.nspname != %(nspname_1)s
2026-08-13 08:52:17,884 - sqlalchemy.engine.Engine - INFO - [cached since 5.648s ago] {'table_name': 'document', 'param_1': 'r', 'param_2': 'p', 'param_3': 'f', 'param_4': 'v', 'param_5': 'm', 'nspname_1': 'pg_catalog'}
2026-08-13 08:52:17,886 - sqlalchemy.engine.Engine - INFO - COMMIT
2026-08-13 08:52:17,891 - main - INFO - GET /this-route-does-not-exist - Status: 404 - Time: 0.001s
2026-08-13 08:52:17,892 - httpx - INFO - HTTP Request: GET http://testserver/this-route-does-not-exist "HTTP/1.1 404 Not Found"
2026-08-13 08:52:17,898 - sqlalchemy.engine.Engine - INFO - BEGIN (implicit)
2026-08-13 08:52:17,899 - sqlalchemy.engine.Engine - INFO - SELECT pg_catalog.pg_class.relname 
FROM pg_catalog.pg_class JOIN pg_catalog.pg_namespace ON pg_catalog.pg_namespace.oid = pg_catalog.pg_class.relnamespace 
WHERE pg_catalog.pg_class.relname = %(table_name)s AND pg_catalog.pg_class.relkind = ANY (ARRAY[%(param_1)s, %(param_2)s, %(param_3)s, %(param_4)s, %(param_5)s]) AND pg_catalog.pg_table_is_visible(pg_catalog.pg_class.oid) AND pg_catalog.pg_namespace.nspname != %(nspname_1)s
2026-08-13 08:52:17,899 - sqlalchemy.engine.Engine - INFO - [cached since 5.662s ago] {'table_name': 'user', 'param_1': 'r', 'param_2': 'p', 'param_3': 'f', 'param_4': 'v', 'param_5': 'm', 'nspname_1': 'pg_catalog'}
2026-08-13 08:52:17,901 - sqlalchemy.engine.Engine - INFO - SELECT pg_catalog.pg_class.relname 
FROM pg_catalog.pg_class JOIN pg_catalog.pg_namespace ON pg_catalog.pg_namespace.oid = pg_catalog.pg_class.relnamespace 
WHERE pg_catalog.pg_class.relname = %(table_name)s AND pg_catalog.pg_class.relkind = ANY (ARRAY[%(param_1)s, %(param_2)s, %(param_3)s, %(param_4)s, %(param_5)s]) AND pg_catalog.pg_table_is_visible(pg_catalog.pg_class.oid) AND pg_catalog.pg_namespace.nspname != %(nspname_1)s
2026-08-13 08:52:17,902 - sqlalchemy.engine.Engine - INFO - [cached since 5.665s ago] {'table_name': 'document', 'param_1': 'r', 'param_2': 'p', 'param_3': 'f', 'param_4': 'v', 'param_5': 'm', 'nspname_1': 'pg_catalog'}
2026-08-13 08:52:17,904 - sqlalchemy.engine.Engine - INFO - COMMIT
2026-08-13 08:52:17,910 - main - INFO - GET /documents - Status: 401 - Time: 0.002s
2026-08-13 08:52:17,911 - httpx - INFO - HTTP Request: GET http://testserver/documents "HTTP/1.1 401 Unauthorized"
2026-08-13 08:52:17,917 - sqlalchemy.engine.Engine - INFO - BEGIN (implicit)
2026-08-13 08:52:17,918 - sqlalchemy.engine.Engine - INFO - SELECT pg_catalog.pg_class.relname 
FROM pg_catalog.pg_class JOIN pg_catalog.pg_namespace ON pg_catalog.pg_namespace.oid = pg_catalog.pg_class.relnamespace 
WHERE pg_catalog.pg_class.relname = %(table_name)s AND pg_catalog.pg_class.relkind = ANY (ARRAY[%(param_1)s, %(param_2)s, %(param_3)s, %(param_4)s, %(param_5)s]) AND pg_catalog.pg_table_is_visible(pg_catalog.pg_class.oid) AND pg_catalog.pg_namespace.nspname != %(nspname_1)s
2026-08-13 08:52:17,918 - sqlalchemy.engine.Engine - INFO - [cached since 5.681s ago] {'table_name': 'user', 'param_1': 'r', 'param_2': 'p', 'param_3': 'f', 'param_4': 'v', 'param_5': 'm', 'nspname_1': 'pg_catalog'}
2026-08-13 08:52:17,921 - sqlalchemy.engine.Engine - INFO - SELECT pg_catalog.pg_class.relname 
FROM pg_catalog.pg_class JOIN pg_catalog.pg_namespace ON pg_catalog.pg_namespace.oid = pg_catalog.pg_class.relnamespace 
WHERE pg_catalog.pg_class.relname = %(table_name)s AND pg_catalog.pg_class.relkind = ANY (ARRAY[%(param_1)s, %(param_2)s, %(param_3)s, %(param_4)s, %(param_5)s]) AND pg_catalog.pg_table_is_visible(pg_catalog.pg_class.oid) AND pg_catalog.pg_namespace.nspname != %(nspname_1)s
2026-08-13 08:52:17,922 - sqlalchemy.engine.Engine - INFO - [cached since 5.685s ago] {'table_name': 'document', 'param_1': 'r', 'param_2': 'p', 'param_3': 'f', 'param_4': 'v', 'param_5': 'm', 'nspname_1': 'pg_catalog'}
2026-08-13 08:52:17,923 - sqlalchemy.engine.Engine - INFO - COMMIT
2026-08-13 08:52:17,928 - main - INFO - GET /documents/search - Status: 401 - Time: 0.001s
2026-08-13 08:52:17,929 - httpx - INFO - HTTP Request: GET http://testserver/documents/search?q=test "HTTP/1.1 401 Unauthorized"
2026-08-13 08:52:17,935 - sqlalchemy.engine.Engine - INFO - BEGIN (implicit)
2026-08-13 08:52:17,936 - sqlalchemy.engine.Engine - INFO - SELECT pg_catalog.pg_class.relname 
FROM pg_catalog.pg_class JOIN pg_catalog.pg_namespace ON pg_catalog.pg_namespace.oid = pg_catalog.pg_class.relnamespace 
WHERE pg_catalog.pg_class.relname = %(table_name)s AND pg_catalog.pg_class.relkind = ANY (ARRAY[%(param_1)s, %(param_2)s, %(param_3)s, %(param_4)s, %(param_5)s]) AND pg_catalog.pg_table_is_visible(pg_catalog.pg_class.oid) AND pg_catalog.pg_namespace.nspname != %(nspname_1)s
2026-08-13 08:52:17,936 - sqlalchemy.engine.Engine - INFO - [cached since 5.699s ago] {'table_name': 'user', 'param_1': 'r', 'param_2': 'p', 'param_3': 'f', 'param_4': 'v', 'param_5': 'm', 'nspname_1': 'pg_catalog'}
2026-08-13 08:52:17,939 - sqlalchemy.engine.Engine - INFO - SELECT pg_catalog.pg_class.relname 
FROM pg_catalog.pg_class JOIN pg_catalog.pg_namespace ON pg_catalog.pg_namespace.oid = pg_catalog.pg_class.relnamespace 
WHERE pg_catalog.pg_class.relname = %(table_name)s AND pg_catalog.pg_class.relkind = ANY (ARRAY[%(param_1)s, %(param_2)s, %(param_3)s, %(param_4)s, %(param_5)s]) AND pg_catalog.pg_table_is_visible(pg_catalog.pg_class.oid) AND pg_catalog.pg_namespace.nspname != %(nspname_1)s
2026-08-13 08:52:17,939 - sqlalchemy.engine.Engine - INFO - [cached since 5.702s ago] {'table_name': 'document', 'param_1': 'r', 'param_2': 'p', 'param_3': 'f', 'param_4': 'v', 'param_5': 'm', 'nspname_1': 'pg_catalog'}
2026-08-13 08:52:17,941 - sqlalchemy.engine.Engine - INFO - COMMIT
2026-08-13 08:52:17,947 - sqlalchemy.engine.Engine - INFO - BEGIN (implicit)
2026-08-13 08:52:17,948 - sqlalchemy.engine.Engine - INFO - SELECT "user".id, "user".username, "user".email, "user".hashed_password, "user".full_name, "user".role, "user".is_active, "user".created_at, "user".updated_at, "user".last_login 
FROM "user" 
WHERE "user".username = %(username_1)s
2026-08-13 08:52:17,948 - sqlalchemy.engine.Engine - INFO - [cached since 5.674s ago] {'username_1': 'testuserc555d2da'}
2026-08-13 08:52:17,951 - sqlalchemy.engine.Engine - INFO - SELECT "user".id, "user".username, "user".email, "user".hashed_password, "user".full_name, "user".role, "user".is_active, "user".created_at, "user".updated_at, "user".last_login 
FROM "user" 
WHERE "user".email = %(email_1)s
2026-08-13 08:52:17,952 - sqlalchemy.engine.Engine - INFO - [cached since 5.671s ago] {'email_1': 'testc555d2da@example.com'}
2026-08-13 08:52:18,233 - sqlalchemy.engine.Engine - INFO - INSERT INTO "user" (username, email, hashed_password, full_name, role, is_active, created_at, updated_at, last_login) VALUES (%(username)s, %(email)s, %(hashed_password)s, %(full_name)s, %(role)s, %(is_active)s, %(created_at)s, %(updated_at)s, %(last_login)s) RETURNING "user".id
2026-08-13 08:52:18,233 - sqlalchemy.engine.Engine - INFO - [cached since 5.607s ago] {'username': 'testuserc555d2da', 'email': 'testc555d2da@example.com', 'hashed_password': '$2b$12$g/kj7lapnMZDK82hkeEqSOt97Q4CRhsImMv.YessMDRBktZfWrKGu', 'full_name': 'Test User', 'role': 'staff', 'is_active': True, 'created_at': datetime.datetime(2026, 8, 13, 5, 52, 18, 232323), 'updated_at': datetime.datetime(2026, 8, 13, 5, 52, 18, 232374), 'last_login': None}
2026-08-13 08:52:18,235 - sqlalchemy.engine.Engine - INFO - COMMIT
2026-08-13 08:52:18,238 - sqlalchemy.engine.Engine - INFO - BEGIN (implicit)
2026-08-13 08:52:18,239 - sqlalchemy.engine.Engine - INFO - SELECT "user".id, "user".username, "user".email, "user".hashed_password, "user".full_name, "user".role, "user".is_active, "user".created_at, "user".updated_at, "user".last_login 
FROM "user" 
WHERE "user".id = %(pk_1)s
2026-08-13 08:52:18,239 - sqlalchemy.engine.Engine - INFO - [cached since 5.601s ago] {'pk_1': 39}
2026-08-13 08:52:18,243 - main - INFO - POST /register - Status: 200 - Time: 0.299s
2026-08-13 08:52:18,244 - sqlalchemy.engine.Engine - INFO - ROLLBACK
2026-08-13 08:52:18,245 - httpx - INFO - HTTP Request: POST http://testserver/register "HTTP/1.1 200 OK"
2026-08-13 08:52:18,251 - sqlalchemy.engine.Engine - INFO - BEGIN (implicit)
2026-08-13 08:52:18,251 - sqlalchemy.engine.Engine - INFO - SELECT "user".id, "user".username, "user".email, "user".hashed_password, "user".full_name, "user".role, "user".is_active, "user".created_at, "user".updated_at, "user".last_login 
FROM "user" 
WHERE "user".username = %(username_1)s
2026-08-13 08:52:18,252 - sqlalchemy.engine.Engine - INFO - [cached since 5.978s ago] {'username_1': 'testuserc555d2da'}
2026-08-13 08:52:18,532 - sqlalchemy.engine.Engine - INFO - UPDATE "user" SET last_login=%(last_login)s WHERE "user".id = %(user_id)s
2026-08-13 08:52:18,533 - sqlalchemy.engine.Engine - INFO - [cached since 5.202s ago] {'last_login': datetime.datetime(2026, 8, 13, 5, 52, 18, 532124), 'user_id': 39}
2026-08-13 08:52:18,535 - sqlalchemy.engine.Engine - INFO - COMMIT
2026-08-13 08:52:18,537 - sqlalchemy.engine.Engine - INFO - BEGIN (implicit)
2026-08-13 08:52:18,538 - sqlalchemy.engine.Engine - INFO - SELECT "user".id AS user_id, "user".username AS user_username, "user".email AS user_email, "user".hashed_password AS user_hashed_password, "user".full_name AS user_full_name, "user".role AS user_role, "user".is_active AS user_is_active, "user".created_at AS user_created_at, "user".updated_at AS user_updated_at, "user".last_login AS user_last_login 
FROM "user" 
WHERE "user".id = %(pk_1)s
2026-08-13 08:52:18,538 - sqlalchemy.engine.Engine - INFO - [cached since 5.2s ago] {'pk_1': 39}
2026-08-13 08:52:18,542 - main - INFO - POST /login - Status: 200 - Time: 0.294s
2026-08-13 08:52:18,543 - sqlalchemy.engine.Engine - INFO - ROLLBACK
2026-08-13 08:52:18,545 - httpx - INFO - HTTP Request: POST http://testserver/login "HTTP/1.1 200 OK"
2026-08-13 08:52:18,550 - sqlalchemy.engine.Engine - INFO - BEGIN (implicit)
2026-08-13 08:52:18,551 - sqlalchemy.engine.Engine - INFO - SELECT "user".id, "user".username, "user".email, "user".hashed_password, "user".full_name, "user".role, "user".is_active, "user".created_at, "user".updated_at, "user".last_login 
FROM "user" 
WHERE "user".username = %(username_1)s
2026-08-13 08:52:18,551 - sqlalchemy.engine.Engine - INFO - [cached since 6.277s ago] {'username_1': 'testuserc555d2da'}
2026-08-13 08:52:18,555 - sqlalchemy.engine.Engine - INFO - SELECT document.id AS document_id, document.filename AS document_filename, document.original_filename AS document_original_filename, document.file_size AS document_file_size, document.file_type AS document_file_type, document.status AS document_status, document.city AS document_city, document.country AS document_country, document.weather_data AS document_weather_data, document.weather_fetched_at AS document_weather_fetched_at, document.description AS document_description, document.uploader_id AS document_uploader_id, document.uploaded_at AS document_uploaded_at, document.updated_at AS document_updated_at, document.file_path AS document_file_path, document.version AS document_version 
FROM document 
WHERE document.id = %(pk_1)s
2026-08-13 08:52:18,555 - sqlalchemy.engine.Engine - INFO - [cached since 1.95s ago] {'pk_1': 999999}
2026-08-13 08:52:18,557 - sqlalchemy.engine.Engine - INFO - ROLLBACK
2026-08-13 08:52:18,559 - main - INFO - GET /documents/999999 - Status: 404 - Time: 0.011s
2026-08-13 08:52:18,560 - httpx - INFO - HTTP Request: GET http://testserver/documents/999999 "HTTP/1.1 404 Not Found"
2026-08-13 08:52:18,567 - sqlalchemy.engine.Engine - INFO - BEGIN (implicit)
2026-08-13 08:52:18,568 - sqlalchemy.engine.Engine - INFO - SELECT pg_catalog.pg_class.relname 
FROM pg_catalog.pg_class JOIN pg_catalog.pg_namespace ON pg_catalog.pg_namespace.oid = pg_catalog.pg_class.relnamespace 
WHERE pg_catalog.pg_class.relname = %(table_name)s AND pg_catalog.pg_class.relkind = ANY (ARRAY[%(param_1)s, %(param_2)s, %(param_3)s, %(param_4)s, %(param_5)s]) AND pg_catalog.pg_table_is_visible(pg_catalog.pg_class.oid) AND pg_catalog.pg_namespace.nspname != %(nspname_1)s
2026-08-13 08:52:18,568 - sqlalchemy.engine.Engine - INFO - [cached since 6.331s ago] {'table_name': 'user', 'param_1': 'r', 'param_2': 'p', 'param_3': 'f', 'param_4': 'v', 'param_5': 'm', 'nspname_1': 'pg_catalog'}
2026-08-13 08:52:18,570 - sqlalchemy.engine.Engine - INFO - SELECT pg_catalog.pg_class.relname 
FROM pg_catalog.pg_class JOIN pg_catalog.pg_namespace ON pg_catalog.pg_namespace.oid = pg_catalog.pg_class.relnamespace 
WHERE pg_catalog.pg_class.relname = %(table_name)s AND pg_catalog.pg_class.relkind = ANY (ARRAY[%(param_1)s, %(param_2)s, %(param_3)s, %(param_4)s, %(param_5)s]) AND pg_catalog.pg_table_is_visible(pg_catalog.pg_class.oid) AND pg_catalog.pg_namespace.nspname != %(nspname_1)s
2026-08-13 08:52:18,571 - sqlalchemy.engine.Engine - INFO - [cached since 6.334s ago] {'table_name': 'document', 'param_1': 'r', 'param_2': 'p', 'param_3': 'f', 'param_4': 'v', 'param_5': 'm', 'nspname_1': 'pg_catalog'}
2026-08-13 08:52:18,573 - sqlalchemy.engine.Engine - INFO - COMMIT
2026-08-13 08:52:18,582 - sqlalchemy.engine.Engine - INFO - BEGIN (implicit)
2026-08-13 08:52:18,582 - sqlalchemy.engine.Engine - INFO - SELECT "user".id, "user".username, "user".email, "user".hashed_password, "user".full_name, "user".role, "user".is_active, "user".created_at, "user".updated_at, "user".last_login 
FROM "user" 
WHERE "user".username = %(username_1)s
2026-08-13 08:52:18,583 - sqlalchemy.engine.Engine - INFO - [cached since 6.309s ago] {'username_1': 'integration2900ab4b'}
2026-08-13 08:52:18,585 - sqlalchemy.engine.Engine - INFO - SELECT "user".id, "user".username, "user".email, "user".hashed_password, "user".full_name, "user".role, "user".is_active, "user".created_at, "user".updated_at, "user".last_login 
FROM "user" 
WHERE "user".email = %(email_1)s
2026-08-13 08:52:18,586 - sqlalchemy.engine.Engine - INFO - [cached since 6.305s ago] {'email_1': 'integration2900ab4b@example.com'}
2026-08-13 08:52:18,884 - sqlalchemy.engine.Engine - INFO - INSERT INTO "user" (username, email, hashed_password, full_name, role, is_active, created_at, updated_at, last_login) VALUES (%(username)s, %(email)s, %(hashed_password)s, %(full_name)s, %(role)s, %(is_active)s, %(created_at)s, %(updated_at)s, %(last_login)s) RETURNING "user".id
2026-08-13 08:52:18,884 - sqlalchemy.engine.Engine - INFO - [cached since 6.258s ago] {'username': 'integration2900ab4b', 'email': 'integration2900ab4b@example.com', 'hashed_password': '$2b$12$IVJJ3X7J/iPfPMggcZZTGeXT01f9X418VwKgu2M9uELGbpPNHwCNS', 'full_name': 'Integration User', 'role': 'staff', 'is_active': True, 'created_at': datetime.datetime(2026, 8, 13, 5, 52, 18, 883156), 'updated_at': datetime.datetime(2026, 8, 13, 5, 52, 18, 883195), 'last_login': None}
2026-08-13 08:52:18,887 - sqlalchemy.engine.Engine - INFO - COMMIT
2026-08-13 08:52:18,889 - sqlalchemy.engine.Engine - INFO - BEGIN (implicit)
2026-08-13 08:52:18,890 - sqlalchemy.engine.Engine - INFO - SELECT "user".id, "user".username, "user".email, "user".hashed_password, "user".full_name, "user".role, "user".is_active, "user".created_at, "user".updated_at, "user".last_login 
FROM "user" 
WHERE "user".id = %(pk_1)s
2026-08-13 08:52:18,890 - sqlalchemy.engine.Engine - INFO - [cached since 6.252s ago] {'pk_1': 40}
2026-08-13 08:52:18,895 - main - INFO - POST /register - Status: 200 - Time: 0.316s
2026-08-13 08:52:18,896 - sqlalchemy.engine.Engine - INFO - ROLLBACK
2026-08-13 08:52:18,898 - httpx - INFO - HTTP Request: POST http://testserver/register "HTTP/1.1 200 OK"
2026-08-13 08:52:18,906 - sqlalchemy.engine.Engine - INFO - BEGIN (implicit)
2026-08-13 08:52:18,906 - sqlalchemy.engine.Engine - INFO - SELECT "user".id, "user".username, "user".email, "user".hashed_password, "user".full_name, "user".role, "user".is_active, "user".created_at, "user".updated_at, "user".last_login 
FROM "user" 
WHERE "user".username = %(username_1)s
2026-08-13 08:52:18,907 - sqlalchemy.engine.Engine - INFO - [cached since 6.633s ago] {'username_1': 'integration2900ab4b'}
2026-08-13 08:52:19,207 - sqlalchemy.engine.Engine - INFO - UPDATE "user" SET last_login=%(last_login)s WHERE "user".id = %(user_id)s
2026-08-13 08:52:19,208 - sqlalchemy.engine.Engine - INFO - [cached since 5.877s ago] {'last_login': datetime.datetime(2026, 8, 13, 5, 52, 19, 207203), 'user_id': 40}
2026-08-13 08:52:19,210 - sqlalchemy.engine.Engine - INFO - COMMIT
2026-08-13 08:52:19,213 - sqlalchemy.engine.Engine - INFO - BEGIN (implicit)
2026-08-13 08:52:19,214 - sqlalchemy.engine.Engine - INFO - SELECT "user".id AS user_id, "user".username AS user_username, "user".email AS user_email, "user".hashed_password AS user_hashed_password, "user".full_name AS user_full_name, "user".role AS user_role, "user".is_active AS user_is_active, "user".created_at AS user_created_at, "user".updated_at AS user_updated_at, "user".last_login AS user_last_login 
FROM "user" 
WHERE "user".id = %(pk_1)s
2026-08-13 08:52:19,214 - sqlalchemy.engine.Engine - INFO - [cached since 5.875s ago] {'pk_1': 40}
2026-08-13 08:52:19,218 - main - INFO - POST /login - Status: 200 - Time: 0.317s
2026-08-13 08:52:19,219 - sqlalchemy.engine.Engine - INFO - ROLLBACK
2026-08-13 08:52:19,221 - httpx - INFO - HTTP Request: POST http://testserver/login "HTTP/1.1 200 OK"
2026-08-13 08:52:19,225 - sqlalchemy.engine.Engine - INFO - BEGIN (implicit)
2026-08-13 08:52:19,225 - sqlalchemy.engine.Engine - INFO - SELECT "user".id, "user".username, "user".email, "user".hashed_password, "user".full_name, "user".role, "user".is_active, "user".created_at, "user".updated_at, "user".last_login 
FROM "user" 
WHERE "user".username = %(username_1)s
2026-08-13 08:52:19,226 - sqlalchemy.engine.Engine - INFO - [cached since 6.951s ago] {'username_1': 'integration2900ab4b'}
2026-08-13 08:52:19,231 - main - INFO - GET /me - Status: 200 - Time: 0.008s
2026-08-13 08:52:19,232 - sqlalchemy.engine.Engine - INFO - ROLLBACK
2026-08-13 08:52:19,234 - httpx - INFO - HTTP Request: GET http://testserver/me "HTTP/1.1 200 OK"
2026-08-13 08:52:19,242 - sqlalchemy.engine.Engine - INFO - BEGIN (implicit)
2026-08-13 08:52:19,243 - sqlalchemy.engine.Engine - INFO - SELECT pg_catalog.pg_class.relname 
FROM pg_catalog.pg_class JOIN pg_catalog.pg_namespace ON pg_catalog.pg_namespace.oid = pg_catalog.pg_class.relnamespace 
WHERE pg_catalog.pg_class.relname = %(table_name)s AND pg_catalog.pg_class.relkind = ANY (ARRAY[%(param_1)s, %(param_2)s, %(param_3)s, %(param_4)s, %(param_5)s]) AND pg_catalog.pg_table_is_visible(pg_catalog.pg_class.oid) AND pg_catalog.pg_namespace.nspname != %(nspname_1)s
2026-08-13 08:52:19,244 - sqlalchemy.engine.Engine - INFO - [cached since 7.007s ago] {'table_name': 'user', 'param_1': 'r', 'param_2': 'p', 'param_3': 'f', 'param_4': 'v', 'param_5': 'm', 'nspname_1': 'pg_catalog'}
2026-08-13 08:52:19,247 - sqlalchemy.engine.Engine - INFO - SELECT pg_catalog.pg_class.relname 
FROM pg_catalog.pg_class JOIN pg_catalog.pg_namespace ON pg_catalog.pg_namespace.oid = pg_catalog.pg_class.relnamespace 
WHERE pg_catalog.pg_class.relname = %(table_name)s AND pg_catalog.pg_class.relkind = ANY (ARRAY[%(param_1)s, %(param_2)s, %(param_3)s, %(param_4)s, %(param_5)s]) AND pg_catalog.pg_table_is_visible(pg_catalog.pg_class.oid) AND pg_catalog.pg_namespace.nspname != %(nspname_1)s
2026-08-13 08:52:19,247 - sqlalchemy.engine.Engine - INFO - [cached since 7.01s ago] {'table_name': 'document', 'param_1': 'r', 'param_2': 'p', 'param_3': 'f', 'param_4': 'v', 'param_5': 'm', 'nspname_1': 'pg_catalog'}
2026-08-13 08:52:19,249 - sqlalchemy.engine.Engine - INFO - COMMIT
2026-08-13 08:52:19,257 - sqlalchemy.engine.Engine - INFO - BEGIN (implicit)
2026-08-13 08:52:19,258 - sqlalchemy.engine.Engine - INFO - SELECT "user".id, "user".username, "user".email, "user".hashed_password, "user".full_name, "user".role, "user".is_active, "user".created_at, "user".updated_at, "user".last_login 
FROM "user" 
WHERE "user".username = %(username_1)s
2026-08-13 08:52:19,258 - sqlalchemy.engine.Engine - INFO - [cached since 6.984s ago] {'username_1': 'testuser8fb8e93a'}
2026-08-13 08:52:19,262 - sqlalchemy.engine.Engine - INFO - SELECT "user".id, "user".username, "user".email, "user".hashed_password, "user".full_name, "user".role, "user".is_active, "user".created_at, "user".updated_at, "user".last_login 
FROM "user" 
WHERE "user".email = %(email_1)s
2026-08-13 08:52:19,262 - sqlalchemy.engine.Engine - INFO - [cached since 6.982s ago] {'email_1': 'test8fb8e93a@example.com'}
2026-08-13 08:52:19,567 - sqlalchemy.engine.Engine - INFO - INSERT INTO "user" (username, email, hashed_password, full_name, role, is_active, created_at, updated_at, last_login) VALUES (%(username)s, %(email)s, %(hashed_password)s, %(full_name)s, %(role)s, %(is_active)s, %(created_at)s, %(updated_at)s, %(last_login)s) RETURNING "user".id
2026-08-13 08:52:19,567 - sqlalchemy.engine.Engine - INFO - [cached since 6.941s ago] {'username': 'testuser8fb8e93a', 'email': 'test8fb8e93a@example.com', 'hashed_password': '$2b$12$KedUbaNZ304oDI0EN8OKwO/meWx5hpa7nTkMoqtpg9iuXiz.1Uhae', 'full_name': 'Test User', 'role': 'staff', 'is_active': True, 'created_at': datetime.datetime(2026, 8, 13, 5, 52, 19, 566501), 'updated_at': datetime.datetime(2026, 8, 13, 5, 52, 19, 566569), 'last_login': None}
2026-08-13 08:52:19,570 - sqlalchemy.engine.Engine - INFO - COMMIT
2026-08-13 08:52:19,573 - sqlalchemy.engine.Engine - INFO - BEGIN (implicit)
2026-08-13 08:52:19,574 - sqlalchemy.engine.Engine - INFO - SELECT "user".id, "user".username, "user".email, "user".hashed_password, "user".full_name, "user".role, "user".is_active, "user".created_at, "user".updated_at, "user".last_login 
FROM "user" 
WHERE "user".id = %(pk_1)s
2026-08-13 08:52:19,574 - sqlalchemy.engine.Engine - INFO - [cached since 6.936s ago] {'pk_1': 41}
2026-08-13 08:52:19,579 - main - INFO - POST /register - Status: 200 - Time: 0.326s
2026-08-13 08:52:19,580 - sqlalchemy.engine.Engine - INFO - ROLLBACK
2026-08-13 08:52:19,582 - httpx - INFO - HTTP Request: POST http://testserver/register "HTTP/1.1 200 OK"
2026-08-13 08:52:19,589 - sqlalchemy.engine.Engine - INFO - BEGIN (implicit)
2026-08-13 08:52:19,589 - sqlalchemy.engine.Engine - INFO - SELECT "user".id, "user".username, "user".email, "user".hashed_password, "user".full_name, "user".role, "user".is_active, "user".created_at, "user".updated_at, "user".last_login 
FROM "user" 
WHERE "user".username = %(username_1)s
2026-08-13 08:52:19,590 - sqlalchemy.engine.Engine - INFO - [cached since 7.315s ago] {'username_1': 'testuser8fb8e93a'}
2026-08-13 08:52:19,888 - sqlalchemy.engine.Engine - INFO - UPDATE "user" SET last_login=%(last_login)s WHERE "user".id = %(user_id)s
2026-08-13 08:52:19,889 - sqlalchemy.engine.Engine - INFO - [cached since 6.558s ago] {'last_login': datetime.datetime(2026, 8, 13, 5, 52, 19, 888174), 'user_id': 41}
2026-08-13 08:52:19,891 - sqlalchemy.engine.Engine - INFO - COMMIT
2026-08-13 08:52:19,893 - sqlalchemy.engine.Engine - INFO - BEGIN (implicit)
2026-08-13 08:52:19,894 - sqlalchemy.engine.Engine - INFO - SELECT "user".id AS user_id, "user".username AS user_username, "user".email AS user_email, "user".hashed_password AS user_hashed_password, "user".full_name AS user_full_name, "user".role AS user_role, "user".is_active AS user_is_active, "user".created_at AS user_created_at, "user".updated_at AS user_updated_at, "user".last_login AS user_last_login 
FROM "user" 
WHERE "user".id = %(pk_1)s
2026-08-13 08:52:19,894 - sqlalchemy.engine.Engine - INFO - [cached since 6.555s ago] {'pk_1': 41}
2026-08-13 08:52:19,898 - main - INFO - POST /login - Status: 200 - Time: 0.313s
2026-08-13 08:52:19,899 - sqlalchemy.engine.Engine - INFO - ROLLBACK
2026-08-13 08:52:19,901 - httpx - INFO - HTTP Request: POST http://testserver/login "HTTP/1.1 200 OK"
2026-08-13 08:52:20,906 - sqlalchemy.engine.Engine - INFO - BEGIN (implicit)
2026-08-13 08:52:20,907 - sqlalchemy.engine.Engine - INFO - SELECT "user".id, "user".username, "user".email, "user".hashed_password, "user".full_name, "user".role, "user".is_active, "user".created_at, "user".updated_at, "user".last_login 
FROM "user" 
WHERE "user".username = %(username_1)s
2026-08-13 08:52:20,907 - sqlalchemy.engine.Engine - INFO - [cached since 8.633s ago] {'username_1': 'testuser8fb8e93a'}
2026-08-13 08:52:20,911 - sqlalchemy.engine.Engine - INFO - SELECT document.id, document.filename, document.original_filename, document.file_size, document.file_type, document.status, document.city, document.country, document.weather_data, document.weather_fetched_at, document.description, document.uploader_id, document.uploaded_at, document.updated_at, document.file_path, document.version 
FROM document 
WHERE document.uploader_id = %(uploader_id_1)s
2026-08-13 08:52:20,912 - sqlalchemy.engine.Engine - INFO - [cached since 5.578s ago] {'uploader_id_1': 41}
2026-08-13 08:52:20,914 - main - INFO - GET /documents - Status: 200 - Time: 0.010s
2026-08-13 08:52:20,915 - sqlalchemy.engine.Engine - INFO - ROLLBACK
2026-08-13 08:52:20,917 - httpx - INFO - HTTP Request: GET http://testserver/documents "HTTP/1.1 200 OK"
2026-08-13 08:52:20,921 - sqlalchemy.engine.Engine - INFO - BEGIN (implicit)
2026-08-13 08:52:20,922 - sqlalchemy.engine.Engine - INFO - SELECT "user".id, "user".username, "user".email, "user".hashed_password, "user".full_name, "user".role, "user".is_active, "user".created_at, "user".updated_at, "user".last_login 
FROM "user" 
WHERE "user".username = %(username_1)s
2026-08-13 08:52:20,922 - sqlalchemy.engine.Engine - INFO - [cached since 8.648s ago] {'username_1': 'testuser8fb8e93a'}
2026-08-13 08:52:20,926 - sqlalchemy.engine.Engine - INFO - SELECT document.id, document.filename, document.original_filename, document.file_size, document.file_type, document.status, document.city, document.country, document.weather_data, document.weather_fetched_at, document.description, document.uploader_id, document.uploaded_at, document.updated_at, document.file_path, document.version 
FROM document 
WHERE document.uploader_id = %(uploader_id_1)s
2026-08-13 08:52:20,927 - sqlalchemy.engine.Engine - INFO - [cached since 5.592s ago] {'uploader_id_1': 41}
2026-08-13 08:52:20,929 - main - INFO - GET /documents - Status: 200 - Time: 0.010s
2026-08-13 08:52:20,930 - sqlalchemy.engine.Engine - INFO - ROLLBACK
2026-08-13 08:52:20,932 - httpx - INFO - HTTP Request: GET http://testserver/documents "HTTP/1.1 200 OK"
2026-08-13 08:52:20,936 - sqlalchemy.engine.Engine - INFO - BEGIN (implicit)
2026-08-13 08:52:20,936 - sqlalchemy.engine.Engine - INFO - SELECT "user".id, "user".username, "user".email, "user".hashed_password, "user".full_name, "user".role, "user".is_active, "user".created_at, "user".updated_at, "user".last_login 
FROM "user" 
WHERE "user".username = %(username_1)s
2026-08-13 08:52:20,937 - sqlalchemy.engine.Engine - INFO - [cached since 8.663s ago] {'username_1': 'testuser8fb8e93a'}
2026-08-13 08:52:20,941 - sqlalchemy.engine.Engine - INFO - SELECT document.id, document.filename, document.original_filename, document.file_size, document.file_type, document.status, document.city, document.country, document.weather_data, document.weather_fetched_at, document.description, document.uploader_id, document.uploaded_at, document.updated_at, document.file_path, document.version 
FROM document 
WHERE document.uploader_id = %(uploader_id_1)s
2026-08-13 08:52:20,941 - sqlalchemy.engine.Engine - INFO - [cached since 5.607s ago] {'uploader_id_1': 41}
2026-08-13 08:52:20,944 - main - INFO - GET /documents - Status: 200 - Time: 0.010s
2026-08-13 08:52:20,944 - sqlalchemy.engine.Engine - INFO - ROLLBACK
2026-08-13 08:52:20,946 - httpx - INFO - HTTP Request: GET http://testserver/documents "HTTP/1.1 200 OK"
2026-08-13 08:52:20,950 - sqlalchemy.engine.Engine - INFO - BEGIN (implicit)
2026-08-13 08:52:20,950 - sqlalchemy.engine.Engine - INFO - SELECT "user".id, "user".username, "user".email, "user".hashed_password, "user".full_name, "user".role, "user".is_active, "user".created_at, "user".updated_at, "user".last_login 
FROM "user" 
WHERE "user".username = %(username_1)s
2026-08-13 08:52:20,951 - sqlalchemy.engine.Engine - INFO - [cached since 8.676s ago] {'username_1': 'testuser8fb8e93a'}
2026-08-13 08:52:20,954 - sqlalchemy.engine.Engine - INFO - SELECT document.id, document.filename, document.original_filename, document.file_size, document.file_type, document.status, document.city, document.country, document.weather_data, document.weather_fetched_at, document.description, document.uploader_id, document.uploaded_at, document.updated_at, document.file_path, document.version 
FROM document 
WHERE document.uploader_id = %(uploader_id_1)s
2026-08-13 08:52:20,955 - sqlalchemy.engine.Engine - INFO - [cached since 5.621s ago] {'uploader_id_1': 41}
2026-08-13 08:52:20,957 - main - INFO - GET /documents - Status: 200 - Time: 0.009s
2026-08-13 08:52:20,958 - sqlalchemy.engine.Engine - INFO - ROLLBACK
2026-08-13 08:52:20,961 - httpx - INFO - HTTP Request: GET http://testserver/documents "HTTP/1.1 200 OK"
2026-08-13 08:52:20,965 - sqlalchemy.engine.Engine - INFO - BEGIN (implicit)
2026-08-13 08:52:20,965 - sqlalchemy.engine.Engine - INFO - SELECT "user".id, "user".username, "user".email, "user".hashed_password, "user".full_name, "user".role, "user".is_active, "user".created_at, "user".updated_at, "user".last_login 
FROM "user" 
WHERE "user".username = %(username_1)s
2026-08-13 08:52:20,966 - sqlalchemy.engine.Engine - INFO - [cached since 8.691s ago] {'username_1': 'testuser8fb8e93a'}
2026-08-13 08:52:20,969 - sqlalchemy.engine.Engine - INFO - SELECT document.id, document.filename, document.original_filename, document.file_size, document.file_type, document.status, document.city, document.country, document.weather_data, document.weather_fetched_at, document.description, document.uploader_id, document.uploaded_at, document.updated_at, document.file_path, document.version 
FROM document 
WHERE document.uploader_id = %(uploader_id_1)s
2026-08-13 08:52:20,970 - sqlalchemy.engine.Engine - INFO - [cached since 5.636s ago] {'uploader_id_1': 41}
2026-08-13 08:52:20,972 - main - INFO - GET /documents - Status: 200 - Time: 0.009s
2026-08-13 08:52:20,973 - sqlalchemy.engine.Engine - INFO - ROLLBACK
2026-08-13 08:52:20,975 - httpx - INFO - HTTP Request: GET http://testserver/documents "HTTP/1.1 200 OK"
2026-08-13 08:52:20,979 - sqlalchemy.engine.Engine - INFO - BEGIN (implicit)
2026-08-13 08:52:20,980 - sqlalchemy.engine.Engine - INFO - SELECT "user".id, "user".username, "user".email, "user".hashed_password, "user".full_name, "user".role, "user".is_active, "user".created_at, "user".updated_at, "user".last_login 
FROM "user" 
WHERE "user".username = %(username_1)s
2026-08-13 08:52:20,980 - sqlalchemy.engine.Engine - INFO - [cached since 8.706s ago] {'username_1': 'testuser8fb8e93a'}
2026-08-13 08:52:20,984 - sqlalchemy.engine.Engine - INFO - SELECT document.id, document.filename, document.original_filename, document.file_size, document.file_type, document.status, document.city, document.country, document.weather_data, document.weather_fetched_at, document.description, document.uploader_id, document.uploaded_at, document.updated_at, document.file_path, document.version 
FROM document 
WHERE document.uploader_id = %(uploader_id_1)s
2026-08-13 08:52:20,984 - sqlalchemy.engine.Engine - INFO - [cached since 5.65s ago] {'uploader_id_1': 41}
2026-08-13 08:52:20,987 - main - INFO - GET /documents - Status: 200 - Time: 0.011s
2026-08-13 08:52:20,988 - sqlalchemy.engine.Engine - INFO - ROLLBACK
2026-08-13 08:52:20,990 - httpx - INFO - HTTP Request: GET http://testserver/documents "HTTP/1.1 200 OK"
2026-08-13 08:52:20,993 - sqlalchemy.engine.Engine - INFO - BEGIN (implicit)
2026-08-13 08:52:20,994 - sqlalchemy.engine.Engine - INFO - SELECT "user".id, "user".username, "user".email, "user".hashed_password, "user".full_name, "user".role, "user".is_active, "user".created_at, "user".updated_at, "user".last_login 
FROM "user" 
WHERE "user".username = %(username_1)s
2026-08-13 08:52:20,994 - sqlalchemy.engine.Engine - INFO - [cached since 8.72s ago] {'username_1': 'testuser8fb8e93a'}
2026-08-13 08:52:20,998 - sqlalchemy.engine.Engine - INFO - SELECT document.id, document.filename, document.original_filename, document.file_size, document.file_type, document.status, document.city, document.country, document.weather_data, document.weather_fetched_at, document.description, document.uploader_id, document.uploaded_at, document.updated_at, document.file_path, document.version 
FROM document 
WHERE document.uploader_id = %(uploader_id_1)s
2026-08-13 08:52:20,998 - sqlalchemy.engine.Engine - INFO - [cached since 5.664s ago] {'uploader_id_1': 41}
2026-08-13 08:52:21,001 - main - INFO - GET /documents - Status: 200 - Time: 0.010s
2026-08-13 08:52:21,002 - sqlalchemy.engine.Engine - INFO - ROLLBACK
2026-08-13 08:52:21,004 - httpx - INFO - HTTP Request: GET http://testserver/documents "HTTP/1.1 200 OK"
2026-08-13 08:52:21,008 - sqlalchemy.engine.Engine - INFO - BEGIN (implicit)
2026-08-13 08:52:21,008 - sqlalchemy.engine.Engine - INFO - SELECT "user".id, "user".username, "user".email, "user".hashed_password, "user".full_name, "user".role, "user".is_active, "user".created_at, "user".updated_at, "user".last_login 
FROM "user" 
WHERE "user".username = %(username_1)s
2026-08-13 08:52:21,009 - sqlalchemy.engine.Engine - INFO - [cached since 8.734s ago] {'username_1': 'testuser8fb8e93a'}
2026-08-13 08:52:21,014 - sqlalchemy.engine.Engine - INFO - SELECT document.id, document.filename, document.original_filename, document.file_size, document.file_type, document.status, document.city, document.country, document.weather_data, document.weather_fetched_at, document.description, document.uploader_id, document.uploaded_at, document.updated_at, document.file_path, document.version 
FROM document 
WHERE document.uploader_id = %(uploader_id_1)s
2026-08-13 08:52:21,014 - sqlalchemy.engine.Engine - INFO - [cached since 5.68s ago] {'uploader_id_1': 41}
2026-08-13 08:52:21,016 - main - INFO - GET /documents - Status: 200 - Time: 0.010s
2026-08-13 08:52:21,017 - sqlalchemy.engine.Engine - INFO - ROLLBACK
2026-08-13 08:52:21,019 - httpx - INFO - HTTP Request: GET http://testserver/documents "HTTP/1.1 200 OK"
2026-08-13 08:52:21,025 - sqlalchemy.engine.Engine - INFO - BEGIN (implicit)
2026-08-13 08:52:21,026 - sqlalchemy.engine.Engine - INFO - SELECT "user".id, "user".username, "user".email, "user".hashed_password, "user".full_name, "user".role, "user".is_active, "user".created_at, "user".updated_at, "user".last_login 
FROM "user" 
WHERE "user".username = %(username_1)s
2026-08-13 08:52:21,026 - sqlalchemy.engine.Engine - INFO - [cached since 8.752s ago] {'username_1': 'testuser8fb8e93a'}
2026-08-13 08:52:21,030 - sqlalchemy.engine.Engine - INFO - SELECT document.id, document.filename, document.original_filename, document.file_size, document.file_type, document.status, document.city, document.country, document.weather_data, document.weather_fetched_at, document.description, document.uploader_id, document.uploaded_at, document.updated_at, document.file_path, document.version 
FROM document 
WHERE document.uploader_id = %(uploader_id_1)s
2026-08-13 08:52:21,031 - sqlalchemy.engine.Engine - INFO - [cached since 5.696s ago] {'uploader_id_1': 41}
2026-08-13 08:52:21,033 - main - INFO - GET /documents - Status: 200 - Time: 0.013s
2026-08-13 08:52:21,034 - sqlalchemy.engine.Engine - INFO - ROLLBACK
2026-08-13 08:52:21,036 - httpx - INFO - HTTP Request: GET http://testserver/documents "HTTP/1.1 200 OK"
2026-08-13 08:52:21,040 - sqlalchemy.engine.Engine - INFO - BEGIN (implicit)
2026-08-13 08:52:21,040 - sqlalchemy.engine.Engine - INFO - SELECT "user".id, "user".username, "user".email, "user".hashed_password, "user".full_name, "user".role, "user".is_active, "user".created_at, "user".updated_at, "user".last_login 
FROM "user" 
WHERE "user".username = %(username_1)s
2026-08-13 08:52:21,041 - sqlalchemy.engine.Engine - INFO - [cached since 8.767s ago] {'username_1': 'testuser8fb8e93a'}
2026-08-13 08:52:21,045 - sqlalchemy.engine.Engine - INFO - SELECT document.id, document.filename, document.original_filename, document.file_size, document.file_type, document.status, document.city, document.country, document.weather_data, document.weather_fetched_at, document.description, document.uploader_id, document.uploaded_at, document.updated_at, document.file_path, document.version 
FROM document 
WHERE document.uploader_id = %(uploader_id_1)s
2026-08-13 08:52:21,045 - sqlalchemy.engine.Engine - INFO - [cached since 5.711s ago] {'uploader_id_1': 41}
2026-08-13 08:52:21,049 - main - INFO - GET /documents - Status: 200 - Time: 0.011s
2026-08-13 08:52:21,050 - sqlalchemy.engine.Engine - INFO - ROLLBACK
2026-08-13 08:52:21,052 - httpx - INFO - HTTP Request: GET http://testserver/documents "HTTP/1.1 200 OK"
2026-08-13 08:52:21,056 - sqlalchemy.engine.Engine - INFO - BEGIN (implicit)
2026-08-13 08:52:21,057 - sqlalchemy.engine.Engine - INFO - SELECT "user".id, "user".username, "user".email, "user".hashed_password, "user".full_name, "user".role, "user".is_active, "user".created_at, "user".updated_at, "user".last_login 
FROM "user" 
WHERE "user".username = %(username_1)s
2026-08-13 08:52:21,057 - sqlalchemy.engine.Engine - INFO - [cached since 8.783s ago] {'username_1': 'testuser8fb8e93a'}
2026-08-13 08:52:21,061 - sqlalchemy.engine.Engine - INFO - SELECT document.id, document.filename, document.original_filename, document.file_size, document.file_type, document.status, document.city, document.country, document.weather_data, document.weather_fetched_at, document.description, document.uploader_id, document.uploaded_at, document.updated_at, document.file_path, document.version 
FROM document 
WHERE document.uploader_id = %(uploader_id_1)s
2026-08-13 08:52:21,061 - sqlalchemy.engine.Engine - INFO - [cached since 5.727s ago] {'uploader_id_1': 41}
2026-08-13 08:52:21,064 - main - INFO - GET /documents - Status: 200 - Time: 0.010s
2026-08-13 08:52:21,065 - sqlalchemy.engine.Engine - INFO - ROLLBACK
2026-08-13 08:52:21,067 - httpx - INFO - HTTP Request: GET http://testserver/documents "HTTP/1.1 200 OK"
2026-08-13 08:52:21,071 - sqlalchemy.engine.Engine - INFO - BEGIN (implicit)
2026-08-13 08:52:21,071 - sqlalchemy.engine.Engine - INFO - SELECT "user".id, "user".username, "user".email, "user".hashed_password, "user".full_name, "user".role, "user".is_active, "user".created_at, "user".updated_at, "user".last_login 
FROM "user" 
WHERE "user".username = %(username_1)s
2026-08-13 08:52:21,072 - sqlalchemy.engine.Engine - INFO - [cached since 8.797s ago] {'username_1': 'testuser8fb8e93a'}
2026-08-13 08:52:21,075 - sqlalchemy.engine.Engine - INFO - SELECT document.id, document.filename, document.original_filename, document.file_size, document.file_type, document.status, document.city, document.country, document.weather_data, document.weather_fetched_at, document.description, document.uploader_id, document.uploaded_at, document.updated_at, document.file_path, document.version 
FROM document 
WHERE document.uploader_id = %(uploader_id_1)s
2026-08-13 08:52:21,075 - sqlalchemy.engine.Engine - INFO - [cached since 5.741s ago] {'uploader_id_1': 41}
2026-08-13 08:52:21,078 - main - INFO - GET /documents - Status: 200 - Time: 0.009s
2026-08-13 08:52:21,079 - sqlalchemy.engine.Engine - INFO - ROLLBACK
2026-08-13 08:52:21,081 - httpx - INFO - HTTP Request: GET http://testserver/documents "HTTP/1.1 200 OK"
2026-08-13 08:52:21,084 - sqlalchemy.engine.Engine - INFO - BEGIN (implicit)
2026-08-13 08:52:21,085 - sqlalchemy.engine.Engine - INFO - SELECT "user".id, "user".username, "user".email, "user".hashed_password, "user".full_name, "user".role, "user".is_active, "user".created_at, "user".updated_at, "user".last_login 
FROM "user" 
WHERE "user".username = %(username_1)s
2026-08-13 08:52:21,085 - sqlalchemy.engine.Engine - INFO - [cached since 8.811s ago] {'username_1': 'testuser8fb8e93a'}
2026-08-13 08:52:21,089 - sqlalchemy.engine.Engine - INFO - SELECT document.id, document.filename, document.original_filename, document.file_size, document.file_type, document.status, document.city, document.country, document.weather_data, document.weather_fetched_at, document.description, document.uploader_id, document.uploaded_at, document.updated_at, document.file_path, document.version 
FROM document 
WHERE document.uploader_id = %(uploader_id_1)s
2026-08-13 08:52:21,089 - sqlalchemy.engine.Engine - INFO - [cached since 5.755s ago] {'uploader_id_1': 41}
2026-08-13 08:52:21,092 - main - INFO - GET /documents - Status: 200 - Time: 0.009s
2026-08-13 08:52:21,092 - sqlalchemy.engine.Engine - INFO - ROLLBACK
2026-08-13 08:52:21,094 - httpx - INFO - HTTP Request: GET http://testserver/documents "HTTP/1.1 200 OK"
2026-08-13 08:52:21,098 - sqlalchemy.engine.Engine - INFO - BEGIN (implicit)
2026-08-13 08:52:21,099 - sqlalchemy.engine.Engine - INFO - SELECT "user".id, "user".username, "user".email, "user".hashed_password, "user".full_name, "user".role, "user".is_active, "user".created_at, "user".updated_at, "user".last_login 
FROM "user" 
WHERE "user".username = %(username_1)s
2026-08-13 08:52:21,099 - sqlalchemy.engine.Engine - INFO - [cached since 8.825s ago] {'username_1': 'testuser8fb8e93a'}
2026-08-13 08:52:21,103 - sqlalchemy.engine.Engine - INFO - SELECT document.id, document.filename, document.original_filename, document.file_size, document.file_type, document.status, document.city, document.country, document.weather_data, document.weather_fetched_at, document.description, document.uploader_id, document.uploaded_at, document.updated_at, document.file_path, document.version 
FROM document 
WHERE document.uploader_id = %(uploader_id_1)s
2026-08-13 08:52:21,103 - sqlalchemy.engine.Engine - INFO - [cached since 5.769s ago] {'uploader_id_1': 41}
2026-08-13 08:52:21,106 - main - INFO - GET /documents - Status: 200 - Time: 0.010s
2026-08-13 08:52:21,107 - sqlalchemy.engine.Engine - INFO - ROLLBACK
2026-08-13 08:52:21,108 - httpx - INFO - HTTP Request: GET http://testserver/documents "HTTP/1.1 200 OK"
2026-08-13 08:52:21,112 - sqlalchemy.engine.Engine - INFO - BEGIN (implicit)
2026-08-13 08:52:21,113 - sqlalchemy.engine.Engine - INFO - SELECT "user".id, "user".username, "user".email, "user".hashed_password, "user".full_name, "user".role, "user".is_active, "user".created_at, "user".updated_at, "user".last_login 
FROM "user" 
WHERE "user".username = %(username_1)s
2026-08-13 08:52:21,113 - sqlalchemy.engine.Engine - INFO - [cached since 8.839s ago] {'username_1': 'testuser8fb8e93a'}
2026-08-13 08:52:21,117 - sqlalchemy.engine.Engine - INFO - SELECT document.id, document.filename, document.original_filename, document.file_size, document.file_type, document.status, document.city, document.country, document.weather_data, document.weather_fetched_at, document.description, document.uploader_id, document.uploaded_at, document.updated_at, document.file_path, document.version 
FROM document 
WHERE document.uploader_id = %(uploader_id_1)s
2026-08-13 08:52:21,117 - sqlalchemy.engine.Engine - INFO - [cached since 5.783s ago] {'uploader_id_1': 41}
2026-08-13 08:52:21,120 - main - INFO - GET /documents - Status: 200 - Time: 0.010s
2026-08-13 08:52:21,121 - sqlalchemy.engine.Engine - INFO - ROLLBACK
2026-08-13 08:52:21,122 - httpx - INFO - HTTP Request: GET http://testserver/documents "HTTP/1.1 200 OK"
2026-08-13 08:52:21,126 - sqlalchemy.engine.Engine - INFO - BEGIN (implicit)
2026-08-13 08:52:21,127 - sqlalchemy.engine.Engine - INFO - SELECT "user".id, "user".username, "user".email, "user".hashed_password, "user".full_name, "user".role, "user".is_active, "user".created_at, "user".updated_at, "user".last_login 
FROM "user" 
WHERE "user".username = %(username_1)s
2026-08-13 08:52:21,127 - sqlalchemy.engine.Engine - INFO - [cached since 8.853s ago] {'username_1': 'testuser8fb8e93a'}
2026-08-13 08:52:21,131 - sqlalchemy.engine.Engine - INFO - SELECT document.id, document.filename, document.original_filename, document.file_size, document.file_type, document.status, document.city, document.country, document.weather_data, document.weather_fetched_at, document.description, document.uploader_id, document.uploaded_at, document.updated_at, document.file_path, document.version 
FROM document 
WHERE document.uploader_id = %(uploader_id_1)s
2026-08-13 08:52:21,131 - sqlalchemy.engine.Engine - INFO - [cached since 5.797s ago] {'uploader_id_1': 41}
2026-08-13 08:52:21,133 - main - INFO - GET /documents - Status: 200 - Time: 0.009s
2026-08-13 08:52:21,134 - sqlalchemy.engine.Engine - INFO - ROLLBACK
2026-08-13 08:52:21,136 - httpx - INFO - HTTP Request: GET http://testserver/documents "HTTP/1.1 200 OK"
2026-08-13 08:52:21,140 - sqlalchemy.engine.Engine - INFO - BEGIN (implicit)
2026-08-13 08:52:21,140 - sqlalchemy.engine.Engine - INFO - SELECT "user".id, "user".username, "user".email, "user".hashed_password, "user".full_name, "user".role, "user".is_active, "user".created_at, "user".updated_at, "user".last_login 
FROM "user" 
WHERE "user".username = %(username_1)s
2026-08-13 08:52:21,141 - sqlalchemy.engine.Engine - INFO - [cached since 8.866s ago] {'username_1': 'testuser8fb8e93a'}
2026-08-13 08:52:21,144 - sqlalchemy.engine.Engine - INFO - SELECT document.id, document.filename, document.original_filename, document.file_size, document.file_type, document.status, document.city, document.country, document.weather_data, document.weather_fetched_at, document.description, document.uploader_id, document.uploaded_at, document.updated_at, document.file_path, document.version 
FROM document 
WHERE document.uploader_id = %(uploader_id_1)s
2026-08-13 08:52:21,145 - sqlalchemy.engine.Engine - INFO - [cached since 5.81s ago] {'uploader_id_1': 41}
2026-08-13 08:52:21,147 - main - INFO - GET /documents - Status: 200 - Time: 0.009s
2026-08-13 08:52:21,148 - sqlalchemy.engine.Engine - INFO - ROLLBACK
2026-08-13 08:52:21,150 - httpx - INFO - HTTP Request: GET http://testserver/documents "HTTP/1.1 200 OK"
2026-08-13 08:52:21,153 - sqlalchemy.engine.Engine - INFO - BEGIN (implicit)
2026-08-13 08:52:21,154 - sqlalchemy.engine.Engine - INFO - SELECT "user".id, "user".username, "user".email, "user".hashed_password, "user".full_name, "user".role, "user".is_active, "user".created_at, "user".updated_at, "user".last_login 
FROM "user" 
WHERE "user".username = %(username_1)s
2026-08-13 08:52:21,154 - sqlalchemy.engine.Engine - INFO - [cached since 8.88s ago] {'username_1': 'testuser8fb8e93a'}
2026-08-13 08:52:21,158 - sqlalchemy.engine.Engine - INFO - SELECT document.id, document.filename, document.original_filename, document.file_size, document.file_type, document.status, document.city, document.country, document.weather_data, document.weather_fetched_at, document.description, document.uploader_id, document.uploaded_at, document.updated_at, document.file_path, document.version 
FROM document 
WHERE document.uploader_id = %(uploader_id_1)s
2026-08-13 08:52:21,158 - sqlalchemy.engine.Engine - INFO - [cached since 5.824s ago] {'uploader_id_1': 41}
2026-08-13 08:52:21,160 - main - INFO - GET /documents - Status: 200 - Time: 0.009s
2026-08-13 08:52:21,161 - sqlalchemy.engine.Engine - INFO - ROLLBACK
2026-08-13 08:52:21,163 - httpx - INFO - HTTP Request: GET http://testserver/documents "HTTP/1.1 200 OK"
2026-08-13 08:52:21,167 - sqlalchemy.engine.Engine - INFO - BEGIN (implicit)
2026-08-13 08:52:21,167 - sqlalchemy.engine.Engine - INFO - SELECT "user".id, "user".username, "user".email, "user".hashed_password, "user".full_name, "user".role, "user".is_active, "user".created_at, "user".updated_at, "user".last_login 
FROM "user" 
WHERE "user".username = %(username_1)s
2026-08-13 08:52:21,167 - sqlalchemy.engine.Engine - INFO - [cached since 8.893s ago] {'username_1': 'testuser8fb8e93a'}
2026-08-13 08:52:21,171 - sqlalchemy.engine.Engine - INFO - SELECT document.id, document.filename, document.original_filename, document.file_size, document.file_type, document.status, document.city, document.country, document.weather_data, document.weather_fetched_at, document.description, document.uploader_id, document.uploaded_at, document.updated_at, document.file_path, document.version 
FROM document 
WHERE document.uploader_id = %(uploader_id_1)s
2026-08-13 08:52:21,171 - sqlalchemy.engine.Engine - INFO - [cached since 5.837s ago] {'uploader_id_1': 41}
2026-08-13 08:52:21,174 - main - INFO - GET /documents - Status: 200 - Time: 0.009s
2026-08-13 08:52:21,175 - sqlalchemy.engine.Engine - INFO - ROLLBACK
2026-08-13 08:52:21,177 - httpx - INFO - HTTP Request: GET http://testserver/documents "HTTP/1.1 200 OK"
2026-08-13 08:52:21,180 - sqlalchemy.engine.Engine - INFO - BEGIN (implicit)
2026-08-13 08:52:21,180 - sqlalchemy.engine.Engine - INFO - SELECT "user".id, "user".username, "user".email, "user".hashed_password, "user".full_name, "user".role, "user".is_active, "user".created_at, "user".updated_at, "user".last_login 
FROM "user" 
WHERE "user".username = %(username_1)s
2026-08-13 08:52:21,181 - sqlalchemy.engine.Engine - INFO - [cached since 8.907s ago] {'username_1': 'testuser8fb8e93a'}
2026-08-13 08:52:21,184 - sqlalchemy.engine.Engine - INFO - SELECT document.id, document.filename, document.original_filename, document.file_size, document.file_type, document.status, document.city, document.country, document.weather_data, document.weather_fetched_at, document.description, document.uploader_id, document.uploaded_at, document.updated_at, document.file_path, document.version 
FROM document 
WHERE document.uploader_id = %(uploader_id_1)s
2026-08-13 08:52:21,185 - sqlalchemy.engine.Engine - INFO - [cached since 5.851s ago] {'uploader_id_1': 41}
2026-08-13 08:52:21,187 - main - INFO - GET /documents - Status: 200 - Time: 0.009s
2026-08-13 08:52:21,188 - sqlalchemy.engine.Engine - INFO - ROLLBACK
2026-08-13 08:52:21,190 - httpx - INFO - HTTP Request: GET http://testserver/documents "HTTP/1.1 200 OK"
2026-08-13 08:52:21,193 - sqlalchemy.engine.Engine - INFO - BEGIN (implicit)
2026-08-13 08:52:21,194 - sqlalchemy.engine.Engine - INFO - SELECT "user".id, "user".username, "user".email, "user".hashed_password, "user".full_name, "user".role, "user".is_active, "user".created_at, "user".updated_at, "user".last_login 
FROM "user" 
WHERE "user".username = %(username_1)s
2026-08-13 08:52:21,194 - sqlalchemy.engine.Engine - INFO - [cached since 8.92s ago] {'username_1': 'testuser8fb8e93a'}
2026-08-13 08:52:21,198 - sqlalchemy.engine.Engine - INFO - SELECT document.id, document.filename, document.original_filename, document.file_size, document.file_type, document.status, document.city, document.country, document.weather_data, document.weather_fetched_at, document.description, document.uploader_id, document.uploaded_at, document.updated_at, document.file_path, document.version 
FROM document 
WHERE document.uploader_id = %(uploader_id_1)s
2026-08-13 08:52:21,198 - sqlalchemy.engine.Engine - INFO - [cached since 5.864s ago] {'uploader_id_1': 41}
2026-08-13 08:52:21,201 - main - INFO - GET /documents - Status: 200 - Time: 0.009s
2026-08-13 08:52:21,202 - sqlalchemy.engine.Engine - INFO - ROLLBACK
2026-08-13 08:52:21,204 - httpx - INFO - HTTP Request: GET http://testserver/documents "HTTP/1.1 200 OK"
2026-08-13 08:52:21,207 - sqlalchemy.engine.Engine - INFO - BEGIN (implicit)
2026-08-13 08:52:21,207 - sqlalchemy.engine.Engine - INFO - SELECT "user".id, "user".username, "user".email, "user".hashed_password, "user".full_name, "user".role, "user".is_active, "user".created_at, "user".updated_at, "user".last_login 
FROM "user" 
WHERE "user".username = %(username_1)s
2026-08-13 08:52:21,208 - sqlalchemy.engine.Engine - INFO - [cached since 8.934s ago] {'username_1': 'testuser8fb8e93a'}
2026-08-13 08:52:21,212 - sqlalchemy.engine.Engine - INFO - SELECT document.id, document.filename, document.original_filename, document.file_size, document.file_type, document.status, document.city, document.country, document.weather_data, document.weather_fetched_at, document.description, document.uploader_id, document.uploaded_at, document.updated_at, document.file_path, document.version 
FROM document 
WHERE document.uploader_id = %(uploader_id_1)s
2026-08-13 08:52:21,212 - sqlalchemy.engine.Engine - INFO - [cached since 5.878s ago] {'uploader_id_1': 41}
2026-08-13 08:52:21,214 - main - INFO - GET /documents - Status: 200 - Time: 0.009s
2026-08-13 08:52:21,215 - sqlalchemy.engine.Engine - INFO - ROLLBACK
2026-08-13 08:52:21,217 - httpx - INFO - HTTP Request: GET http://testserver/documents "HTTP/1.1 200 OK"
2026-08-13 08:52:21,220 - sqlalchemy.engine.Engine - INFO - BEGIN (implicit)
2026-08-13 08:52:21,221 - sqlalchemy.engine.Engine - INFO - SELECT "user".id, "user".username, "user".email, "user".hashed_password, "user".full_name, "user".role, "user".is_active, "user".created_at, "user".updated_at, "user".last_login 
FROM "user" 
WHERE "user".username = %(username_1)s
2026-08-13 08:52:21,221 - sqlalchemy.engine.Engine - INFO - [cached since 8.947s ago] {'username_1': 'testuser8fb8e93a'}
2026-08-13 08:52:21,225 - sqlalchemy.engine.Engine - INFO - SELECT document.id, document.filename, document.original_filename, document.file_size, document.file_type, document.status, document.city, document.country, document.weather_data, document.weather_fetched_at, document.description, document.uploader_id, document.uploaded_at, document.updated_at, document.file_path, document.version 
FROM document 
WHERE document.uploader_id = %(uploader_id_1)s
2026-08-13 08:52:21,225 - sqlalchemy.engine.Engine - INFO - [cached since 5.891s ago] {'uploader_id_1': 41}
2026-08-13 08:52:21,228 - main - INFO - GET /documents - Status: 200 - Time: 0.009s
2026-08-13 08:52:21,228 - sqlalchemy.engine.Engine - INFO - ROLLBACK
2026-08-13 08:52:21,230 - httpx - INFO - HTTP Request: GET http://testserver/documents "HTTP/1.1 200 OK"
2026-08-13 08:52:21,234 - sqlalchemy.engine.Engine - INFO - BEGIN (implicit)
2026-08-13 08:52:21,235 - sqlalchemy.engine.Engine - INFO - SELECT "user".id, "user".username, "user".email, "user".hashed_password, "user".full_name, "user".role, "user".is_active, "user".created_at, "user".updated_at, "user".last_login 
FROM "user" 
WHERE "user".username = %(username_1)s
2026-08-13 08:52:21,235 - sqlalchemy.engine.Engine - INFO - [cached since 8.961s ago] {'username_1': 'testuser8fb8e93a'}
2026-08-13 08:52:21,239 - sqlalchemy.engine.Engine - INFO - SELECT document.id, document.filename, document.original_filename, document.file_size, document.file_type, document.status, document.city, document.country, document.weather_data, document.weather_fetched_at, document.description, document.uploader_id, document.uploaded_at, document.updated_at, document.file_path, document.version 
FROM document 
WHERE document.uploader_id = %(uploader_id_1)s
2026-08-13 08:52:21,240 - sqlalchemy.engine.Engine - INFO - [cached since 5.906s ago] {'uploader_id_1': 41}
2026-08-13 08:52:21,242 - main - INFO - GET /documents - Status: 200 - Time: 0.011s
2026-08-13 08:52:21,243 - sqlalchemy.engine.Engine - INFO - ROLLBACK
2026-08-13 08:52:21,245 - httpx - INFO - HTTP Request: GET http://testserver/documents "HTTP/1.1 200 OK"
2026-08-13 08:52:21,249 - sqlalchemy.engine.Engine - INFO - BEGIN (implicit)
2026-08-13 08:52:21,249 - sqlalchemy.engine.Engine - INFO - SELECT "user".id, "user".username, "user".email, "user".hashed_password, "user".full_name, "user".role, "user".is_active, "user".created_at, "user".updated_at, "user".last_login 
FROM "user" 
WHERE "user".username = %(username_1)s
2026-08-13 08:52:21,250 - sqlalchemy.engine.Engine - INFO - [cached since 8.975s ago] {'username_1': 'testuser8fb8e93a'}
2026-08-13 08:52:21,253 - sqlalchemy.engine.Engine - INFO - SELECT document.id, document.filename, document.original_filename, document.file_size, document.file_type, document.status, document.city, document.country, document.weather_data, document.weather_fetched_at, document.description, document.uploader_id, document.uploaded_at, document.updated_at, document.file_path, document.version 
FROM document 
WHERE document.uploader_id = %(uploader_id_1)s
2026-08-13 08:52:21,253 - sqlalchemy.engine.Engine - INFO - [cached since 5.919s ago] {'uploader_id_1': 41}
2026-08-13 08:52:21,256 - main - INFO - GET /documents - Status: 200 - Time: 0.009s
2026-08-13 08:52:21,257 - sqlalchemy.engine.Engine - INFO - ROLLBACK
2026-08-13 08:52:21,258 - httpx - INFO - HTTP Request: GET http://testserver/documents "HTTP/1.1 200 OK"
2026-08-13 08:52:21,262 - sqlalchemy.engine.Engine - INFO - BEGIN (implicit)
2026-08-13 08:52:21,263 - sqlalchemy.engine.Engine - INFO - SELECT "user".id, "user".username, "user".email, "user".hashed_password, "user".full_name, "user".role, "user".is_active, "user".created_at, "user".updated_at, "user".last_login 
FROM "user" 
WHERE "user".username = %(username_1)s
2026-08-13 08:52:21,263 - sqlalchemy.engine.Engine - INFO - [cached since 8.989s ago] {'username_1': 'testuser8fb8e93a'}
2026-08-13 08:52:21,266 - sqlalchemy.engine.Engine - INFO - SELECT document.id, document.filename, document.original_filename, document.file_size, document.file_type, document.status, document.city, document.country, document.weather_data, document.weather_fetched_at, document.description, document.uploader_id, document.uploaded_at, document.updated_at, document.file_path, document.version 
FROM document 
WHERE document.uploader_id = %(uploader_id_1)s
2026-08-13 08:52:21,267 - sqlalchemy.engine.Engine - INFO - [cached since 5.932s ago] {'uploader_id_1': 41}
2026-08-13 08:52:21,269 - main - INFO - GET /documents - Status: 200 - Time: 0.009s
2026-08-13 08:52:21,270 - sqlalchemy.engine.Engine - INFO - ROLLBACK
2026-08-13 08:52:21,272 - httpx - INFO - HTTP Request: GET http://testserver/documents "HTTP/1.1 200 OK"
2026-08-13 08:52:21,276 - sqlalchemy.engine.Engine - INFO - BEGIN (implicit)
2026-08-13 08:52:21,276 - sqlalchemy.engine.Engine - INFO - SELECT "user".id, "user".username, "user".email, "user".hashed_password, "user".full_name, "user".role, "user".is_active, "user".created_at, "user".updated_at, "user".last_login 
FROM "user" 
WHERE "user".username = %(username_1)s
2026-08-13 08:52:21,276 - sqlalchemy.engine.Engine - INFO - [cached since 9.002s ago] {'username_1': 'testuser8fb8e93a'}
2026-08-13 08:52:21,280 - sqlalchemy.engine.Engine - INFO - SELECT document.id, document.filename, document.original_filename, document.file_size, document.file_type, document.status, document.city, document.country, document.weather_data, document.weather_fetched_at, document.description, document.uploader_id, document.uploaded_at, document.updated_at, document.file_path, document.version 
FROM document 
WHERE document.uploader_id = %(uploader_id_1)s
2026-08-13 08:52:21,280 - sqlalchemy.engine.Engine - INFO - [cached since 5.946s ago] {'uploader_id_1': 41}
2026-08-13 08:52:21,283 - main - INFO - GET /documents - Status: 200 - Time: 0.009s
2026-08-13 08:52:21,284 - sqlalchemy.engine.Engine - INFO - ROLLBACK
2026-08-13 08:52:21,286 - httpx - INFO - HTTP Request: GET http://testserver/documents "HTTP/1.1 200 OK"
2026-08-13 08:52:21,289 - sqlalchemy.engine.Engine - INFO - BEGIN (implicit)
2026-08-13 08:52:21,290 - sqlalchemy.engine.Engine - INFO - SELECT "user".id, "user".username, "user".email, "user".hashed_password, "user".full_name, "user".role, "user".is_active, "user".created_at, "user".updated_at, "user".last_login 
FROM "user" 
WHERE "user".username = %(username_1)s
2026-08-13 08:52:21,290 - sqlalchemy.engine.Engine - INFO - [cached since 9.016s ago] {'username_1': 'testuser8fb8e93a'}
2026-08-13 08:52:21,294 - sqlalchemy.engine.Engine - INFO - SELECT document.id, document.filename, document.original_filename, document.file_size, document.file_type, document.status, document.city, document.country, document.weather_data, document.weather_fetched_at, document.description, document.uploader_id, document.uploaded_at, document.updated_at, document.file_path, document.version 
FROM document 
WHERE document.uploader_id = %(uploader_id_1)s
2026-08-13 08:52:21,294 - sqlalchemy.engine.Engine - INFO - [cached since 5.96s ago] {'uploader_id_1': 41}
2026-08-13 08:52:21,297 - main - INFO - GET /documents - Status: 200 - Time: 0.009s
2026-08-13 08:52:21,297 - sqlalchemy.engine.Engine - INFO - ROLLBACK
2026-08-13 08:52:21,299 - httpx - INFO - HTTP Request: GET http://testserver/documents "HTTP/1.1 200 OK"
2026-08-13 08:52:21,303 - sqlalchemy.engine.Engine - INFO - BEGIN (implicit)
2026-08-13 08:52:21,303 - sqlalchemy.engine.Engine - INFO - SELECT "user".id, "user".username, "user".email, "user".hashed_password, "user".full_name, "user".role, "user".is_active, "user".created_at, "user".updated_at, "user".last_login 
FROM "user" 
WHERE "user".username = %(username_1)s
2026-08-13 08:52:21,304 - sqlalchemy.engine.Engine - INFO - [cached since 9.029s ago] {'username_1': 'testuser8fb8e93a'}
2026-08-13 08:52:21,307 - sqlalchemy.engine.Engine - INFO - SELECT document.id, document.filename, document.original_filename, document.file_size, document.file_type, document.status, document.city, document.country, document.weather_data, document.weather_fetched_at, document.description, document.uploader_id, document.uploaded_at, document.updated_at, document.file_path, document.version 
FROM document 
WHERE document.uploader_id = %(uploader_id_1)s
2026-08-13 08:52:21,307 - sqlalchemy.engine.Engine - INFO - [cached since 5.973s ago] {'uploader_id_1': 41}
2026-08-13 08:52:21,310 - main - INFO - GET /documents - Status: 200 - Time: 0.009s
2026-08-13 08:52:21,311 - sqlalchemy.engine.Engine - INFO - ROLLBACK
2026-08-13 08:52:21,313 - httpx - INFO - HTTP Request: GET http://testserver/documents "HTTP/1.1 200 OK"
2026-08-13 08:52:21,316 - sqlalchemy.engine.Engine - INFO - BEGIN (implicit)
2026-08-13 08:52:21,317 - sqlalchemy.engine.Engine - INFO - SELECT "user".id, "user".username, "user".email, "user".hashed_password, "user".full_name, "user".role, "user".is_active, "user".created_at, "user".updated_at, "user".last_login 
FROM "user" 
WHERE "user".username = %(username_1)s
2026-08-13 08:52:21,317 - sqlalchemy.engine.Engine - INFO - [cached since 9.043s ago] {'username_1': 'testuser8fb8e93a'}
2026-08-13 08:52:21,321 - sqlalchemy.engine.Engine - INFO - SELECT document.id, document.filename, document.original_filename, document.file_size, document.file_type, document.status, document.city, document.country, document.weather_data, document.weather_fetched_at, document.description, document.uploader_id, document.uploaded_at, document.updated_at, document.file_path, document.version 
FROM document 
WHERE document.uploader_id = %(uploader_id_1)s
2026-08-13 08:52:21,321 - sqlalchemy.engine.Engine - INFO - [cached since 5.987s ago] {'uploader_id_1': 41}
2026-08-13 08:52:21,323 - main - INFO - GET /documents - Status: 200 - Time: 0.009s
2026-08-13 08:52:21,324 - sqlalchemy.engine.Engine - INFO - ROLLBACK
2026-08-13 08:52:21,326 - httpx - INFO - HTTP Request: GET http://testserver/documents "HTTP/1.1 200 OK"
2026-08-13 08:52:21,329 - sqlalchemy.engine.Engine - INFO - BEGIN (implicit)
2026-08-13 08:52:21,330 - sqlalchemy.engine.Engine - INFO - SELECT "user".id, "user".username, "user".email, "user".hashed_password, "user".full_name, "user".role, "user".is_active, "user".created_at, "user".updated_at, "user".last_login 
FROM "user" 
WHERE "user".username = %(username_1)s
2026-08-13 08:52:21,330 - sqlalchemy.engine.Engine - INFO - [cached since 9.056s ago] {'username_1': 'testuser8fb8e93a'}
2026-08-13 08:52:21,334 - sqlalchemy.engine.Engine - INFO - SELECT document.id, document.filename, document.original_filename, document.file_size, document.file_type, document.status, document.city, document.country, document.weather_data, document.weather_fetched_at, document.description, document.uploader_id, document.uploaded_at, document.updated_at, document.file_path, document.version 
FROM document 
WHERE document.uploader_id = %(uploader_id_1)s
2026-08-13 08:52:21,334 - sqlalchemy.engine.Engine - INFO - [cached since 6s ago] {'uploader_id_1': 41}
2026-08-13 08:52:21,337 - main - INFO - GET /documents - Status: 200 - Time: 0.009s
2026-08-13 08:52:21,337 - sqlalchemy.engine.Engine - INFO - ROLLBACK
2026-08-13 08:52:21,339 - httpx - INFO - HTTP Request: GET http://testserver/documents "HTTP/1.1 200 OK"
2026-08-13 08:52:21,343 - sqlalchemy.engine.Engine - INFO - BEGIN (implicit)
2026-08-13 08:52:21,343 - sqlalchemy.engine.Engine - INFO - SELECT "user".id, "user".username, "user".email, "user".hashed_password, "user".full_name, "user".role, "user".is_active, "user".created_at, "user".updated_at, "user".last_login 
FROM "user" 
WHERE "user".username = %(username_1)s
2026-08-13 08:52:21,344 - sqlalchemy.engine.Engine - INFO - [cached since 9.07s ago] {'username_1': 'testuser8fb8e93a'}
2026-08-13 08:52:21,348 - sqlalchemy.engine.Engine - INFO - SELECT document.id, document.filename, document.original_filename, document.file_size, document.file_type, document.status, document.city, document.country, document.weather_data, document.weather_fetched_at, document.description, document.uploader_id, document.uploaded_at, document.updated_at, document.file_path, document.version 
FROM document 
WHERE document.uploader_id = %(uploader_id_1)s
2026-08-13 08:52:21,348 - sqlalchemy.engine.Engine - INFO - [cached since 6.014s ago] {'uploader_id_1': 41}
2026-08-13 08:52:21,350 - main - INFO - GET /documents - Status: 200 - Time: 0.010s
2026-08-13 08:52:21,351 - sqlalchemy.engine.Engine - INFO - ROLLBACK
2026-08-13 08:52:21,353 - httpx - INFO - HTTP Request: GET http://testserver/documents "HTTP/1.1 200 OK"
2026-08-13 08:52:21,356 - sqlalchemy.engine.Engine - INFO - BEGIN (implicit)
2026-08-13 08:52:21,357 - sqlalchemy.engine.Engine - INFO - SELECT "user".id, "user".username, "user".email, "user".hashed_password, "user".full_name, "user".role, "user".is_active, "user".created_at, "user".updated_at, "user".last_login 
FROM "user" 
WHERE "user".username = %(username_1)s
2026-08-13 08:52:21,357 - sqlalchemy.engine.Engine - INFO - [cached since 9.083s ago] {'username_1': 'testuser8fb8e93a'}
2026-08-13 08:52:21,361 - sqlalchemy.engine.Engine - INFO - SELECT document.id, document.filename, document.original_filename, document.file_size, document.file_type, document.status, document.city, document.country, document.weather_data, document.weather_fetched_at, document.description, document.uploader_id, document.uploaded_at, document.updated_at, document.file_path, document.version 
FROM document 
WHERE document.uploader_id = %(uploader_id_1)s
2026-08-13 08:52:21,361 - sqlalchemy.engine.Engine - INFO - [cached since 6.027s ago] {'uploader_id_1': 41}
2026-08-13 08:52:21,364 - main - INFO - GET /documents - Status: 200 - Time: 0.009s
2026-08-13 08:52:21,364 - sqlalchemy.engine.Engine - INFO - ROLLBACK
2026-08-13 08:52:21,366 - httpx - INFO - HTTP Request: GET http://testserver/documents "HTTP/1.1 200 OK"
2026-08-13 08:52:21,370 - sqlalchemy.engine.Engine - INFO - BEGIN (implicit)
2026-08-13 08:52:21,371 - sqlalchemy.engine.Engine - INFO - SELECT "user".id, "user".username, "user".email, "user".hashed_password, "user".full_name, "user".role, "user".is_active, "user".created_at, "user".updated_at, "user".last_login 
FROM "user" 
WHERE "user".username = %(username_1)s
2026-08-13 08:52:21,371 - sqlalchemy.engine.Engine - INFO - [cached since 9.097s ago] {'username_1': 'testuser8fb8e93a'}
2026-08-13 08:52:21,375 - sqlalchemy.engine.Engine - INFO - SELECT document.id, document.filename, document.original_filename, document.file_size, document.file_type, document.status, document.city, document.country, document.weather_data, document.weather_fetched_at, document.description, document.uploader_id, document.uploaded_at, document.updated_at, document.file_path, document.version 
FROM document 
WHERE document.uploader_id = %(uploader_id_1)s
2026-08-13 08:52:21,375 - sqlalchemy.engine.Engine - INFO - [cached since 6.041s ago] {'uploader_id_1': 41}
2026-08-13 08:52:21,377 - main - INFO - GET /documents - Status: 200 - Time: 0.010s
2026-08-13 08:52:21,378 - sqlalchemy.engine.Engine - INFO - ROLLBACK
2026-08-13 08:52:21,380 - httpx - INFO - HTTP Request: GET http://testserver/documents "HTTP/1.1 200 OK"
2026-08-13 08:52:21,384 - sqlalchemy.engine.Engine - INFO - BEGIN (implicit)
2026-08-13 08:52:21,384 - sqlalchemy.engine.Engine - INFO - SELECT "user".id, "user".username, "user".email, "user".hashed_password, "user".full_name, "user".role, "user".is_active, "user".created_at, "user".updated_at, "user".last_login 
FROM "user" 
WHERE "user".username = %(username_1)s
2026-08-13 08:52:21,384 - sqlalchemy.engine.Engine - INFO - [cached since 9.11s ago] {'username_1': 'testuser8fb8e93a'}
2026-08-13 08:52:21,388 - sqlalchemy.engine.Engine - INFO - SELECT document.id, document.filename, document.original_filename, document.file_size, document.file_type, document.status, document.city, document.country, document.weather_data, document.weather_fetched_at, document.description, document.uploader_id, document.uploaded_at, document.updated_at, document.file_path, document.version 
FROM document 
WHERE document.uploader_id = %(uploader_id_1)s
2026-08-13 08:52:21,388 - sqlalchemy.engine.Engine - INFO - [cached since 6.054s ago] {'uploader_id_1': 41}
2026-08-13 08:52:21,391 - main - INFO - GET /documents - Status: 200 - Time: 0.009s
2026-08-13 08:52:21,392 - sqlalchemy.engine.Engine - INFO - ROLLBACK
2026-08-13 08:52:21,394 - httpx - INFO - HTTP Request: GET http://testserver/documents "HTTP/1.1 200 OK"
2026-08-13 08:52:21,397 - sqlalchemy.engine.Engine - INFO - BEGIN (implicit)
2026-08-13 08:52:21,398 - sqlalchemy.engine.Engine - INFO - SELECT "user".id, "user".username, "user".email, "user".hashed_password, "user".full_name, "user".role, "user".is_active, "user".created_at, "user".updated_at, "user".last_login 
FROM "user" 
WHERE "user".username = %(username_1)s
2026-08-13 08:52:21,398 - sqlalchemy.engine.Engine - INFO - [cached since 9.124s ago] {'username_1': 'testuser8fb8e93a'}
2026-08-13 08:52:21,402 - sqlalchemy.engine.Engine - INFO - SELECT document.id, document.filename, document.original_filename, document.file_size, document.file_type, document.status, document.city, document.country, document.weather_data, document.weather_fetched_at, document.description, document.uploader_id, document.uploaded_at, document.updated_at, document.file_path, document.version 
FROM document 
WHERE document.uploader_id = %(uploader_id_1)s
2026-08-13 08:52:21,402 - sqlalchemy.engine.Engine - INFO - [cached since 6.068s ago] {'uploader_id_1': 41}
2026-08-13 08:52:21,404 - main - INFO - GET /documents - Status: 200 - Time: 0.009s
2026-08-13 08:52:21,405 - sqlalchemy.engine.Engine - INFO - ROLLBACK
2026-08-13 08:52:21,407 - httpx - INFO - HTTP Request: GET http://testserver/documents "HTTP/1.1 200 OK"
2026-08-13 08:52:21,410 - sqlalchemy.engine.Engine - INFO - BEGIN (implicit)
2026-08-13 08:52:21,411 - sqlalchemy.engine.Engine - INFO - SELECT "user".id, "user".username, "user".email, "user".hashed_password, "user".full_name, "user".role, "user".is_active, "user".created_at, "user".updated_at, "user".last_login 
FROM "user" 
WHERE "user".username = %(username_1)s
2026-08-13 08:52:21,411 - sqlalchemy.engine.Engine - INFO - [cached since 9.137s ago] {'username_1': 'testuser8fb8e93a'}
2026-08-13 08:52:21,415 - sqlalchemy.engine.Engine - INFO - SELECT document.id, document.filename, document.original_filename, document.file_size, document.file_type, document.status, document.city, document.country, document.weather_data, document.weather_fetched_at, document.description, document.uploader_id, document.uploaded_at, document.updated_at, document.file_path, document.version 
FROM document 
WHERE document.uploader_id = %(uploader_id_1)s
2026-08-13 08:52:21,415 - sqlalchemy.engine.Engine - INFO - [cached since 6.081s ago] {'uploader_id_1': 41}
2026-08-13 08:52:21,418 - main - INFO - GET /documents - Status: 200 - Time: 0.009s
2026-08-13 08:52:21,419 - sqlalchemy.engine.Engine - INFO - ROLLBACK
2026-08-13 08:52:21,420 - httpx - INFO - HTTP Request: GET http://testserver/documents "HTTP/1.1 200 OK"
2026-08-13 08:52:21,424 - sqlalchemy.engine.Engine - INFO - BEGIN (implicit)
2026-08-13 08:52:21,424 - sqlalchemy.engine.Engine - INFO - SELECT "user".id, "user".username, "user".email, "user".hashed_password, "user".full_name, "user".role, "user".is_active, "user".created_at, "user".updated_at, "user".last_login 
FROM "user" 
WHERE "user".username = %(username_1)s
2026-08-13 08:52:21,425 - sqlalchemy.engine.Engine - INFO - [cached since 9.151s ago] {'username_1': 'testuser8fb8e93a'}
2026-08-13 08:52:21,429 - sqlalchemy.engine.Engine - INFO - SELECT document.id, document.filename, document.original_filename, document.file_size, document.file_type, document.status, document.city, document.country, document.weather_data, document.weather_fetched_at, document.description, document.uploader_id, document.uploaded_at, document.updated_at, document.file_path, document.version 
FROM document 
WHERE document.uploader_id = %(uploader_id_1)s
2026-08-13 08:52:21,429 - sqlalchemy.engine.Engine - INFO - [cached since 6.095s ago] {'uploader_id_1': 41}
2026-08-13 08:52:21,431 - main - INFO - GET /documents - Status: 200 - Time: 0.009s
2026-08-13 08:52:21,432 - sqlalchemy.engine.Engine - INFO - ROLLBACK
2026-08-13 08:52:21,434 - httpx - INFO - HTTP Request: GET http://testserver/documents "HTTP/1.1 200 OK"
2026-08-13 08:52:21,438 - sqlalchemy.engine.Engine - INFO - BEGIN (implicit)
2026-08-13 08:52:21,438 - sqlalchemy.engine.Engine - INFO - SELECT "user".id, "user".username, "user".email, "user".hashed_password, "user".full_name, "user".role, "user".is_active, "user".created_at, "user".updated_at, "user".last_login 
FROM "user" 
WHERE "user".username = %(username_1)s
2026-08-13 08:52:21,438 - sqlalchemy.engine.Engine - INFO - [cached since 9.164s ago] {'username_1': 'testuser8fb8e93a'}
2026-08-13 08:52:21,442 - sqlalchemy.engine.Engine - INFO - SELECT document.id, document.filename, document.original_filename, document.file_size, document.file_type, document.status, document.city, document.country, document.weather_data, document.weather_fetched_at, document.description, document.uploader_id, document.uploaded_at, document.updated_at, document.file_path, document.version 
FROM document 
WHERE document.uploader_id = %(uploader_id_1)s
2026-08-13 08:52:21,442 - sqlalchemy.engine.Engine - INFO - [cached since 6.108s ago] {'uploader_id_1': 41}
2026-08-13 08:52:21,445 - main - INFO - GET /documents - Status: 200 - Time: 0.009s
2026-08-13 08:52:21,446 - sqlalchemy.engine.Engine - INFO - ROLLBACK
2026-08-13 08:52:21,448 - httpx - INFO - HTTP Request: GET http://testserver/documents "HTTP/1.1 200 OK"
2026-08-13 08:52:21,451 - sqlalchemy.engine.Engine - INFO - BEGIN (implicit)
2026-08-13 08:52:21,452 - sqlalchemy.engine.Engine - INFO - SELECT "user".id, "user".username, "user".email, "user".hashed_password, "user".full_name, "user".role, "user".is_active, "user".created_at, "user".updated_at, "user".last_login 
FROM "user" 
WHERE "user".username = %(username_1)s
2026-08-13 08:52:21,452 - sqlalchemy.engine.Engine - INFO - [cached since 9.178s ago] {'username_1': 'testuser8fb8e93a'}
2026-08-13 08:52:21,456 - sqlalchemy.engine.Engine - INFO - SELECT document.id, document.filename, document.original_filename, document.file_size, document.file_type, document.status, document.city, document.country, document.weather_data, document.weather_fetched_at, document.description, document.uploader_id, document.uploaded_at, document.updated_at, document.file_path, document.version 
FROM document 
WHERE document.uploader_id = %(uploader_id_1)s
2026-08-13 08:52:21,456 - sqlalchemy.engine.Engine - INFO - [cached since 6.122s ago] {'uploader_id_1': 41}
2026-08-13 08:52:21,459 - main - INFO - GET /documents - Status: 200 - Time: 0.009s
2026-08-13 08:52:21,459 - sqlalchemy.engine.Engine - INFO - ROLLBACK
2026-08-13 08:52:21,461 - httpx - INFO - HTTP Request: GET http://testserver/documents "HTTP/1.1 200 OK"
2026-08-13 08:52:21,465 - sqlalchemy.engine.Engine - INFO - BEGIN (implicit)
2026-08-13 08:52:21,466 - sqlalchemy.engine.Engine - INFO - SELECT "user".id, "user".username, "user".email, "user".hashed_password, "user".full_name, "user".role, "user".is_active, "user".created_at, "user".updated_at, "user".last_login 
FROM "user" 
WHERE "user".username = %(username_1)s
2026-08-13 08:52:21,466 - sqlalchemy.engine.Engine - INFO - [cached since 9.192s ago] {'username_1': 'testuser8fb8e93a'}
2026-08-13 08:52:21,470 - sqlalchemy.engine.Engine - INFO - SELECT document.id, document.filename, document.original_filename, document.file_size, document.file_type, document.status, document.city, document.country, document.weather_data, document.weather_fetched_at, document.description, document.uploader_id, document.uploaded_at, document.updated_at, document.file_path, document.version 
FROM document 
WHERE document.uploader_id = %(uploader_id_1)s
2026-08-13 08:52:21,470 - sqlalchemy.engine.Engine - INFO - [cached since 6.136s ago] {'uploader_id_1': 41}
2026-08-13 08:52:21,473 - main - INFO - GET /documents - Status: 200 - Time: 0.010s
2026-08-13 08:52:21,473 - sqlalchemy.engine.Engine - INFO - ROLLBACK
2026-08-13 08:52:21,475 - httpx - INFO - HTTP Request: GET http://testserver/documents "HTTP/1.1 200 OK"
2026-08-13 08:52:21,479 - sqlalchemy.engine.Engine - INFO - BEGIN (implicit)
2026-08-13 08:52:21,479 - sqlalchemy.engine.Engine - INFO - SELECT "user".id, "user".username, "user".email, "user".hashed_password, "user".full_name, "user".role, "user".is_active, "user".created_at, "user".updated_at, "user".last_login 
FROM "user" 
WHERE "user".username = %(username_1)s
2026-08-13 08:52:21,480 - sqlalchemy.engine.Engine - INFO - [cached since 9.206s ago] {'username_1': 'testuser8fb8e93a'}
2026-08-13 08:52:21,483 - sqlalchemy.engine.Engine - INFO - SELECT document.id, document.filename, document.original_filename, document.file_size, document.file_type, document.status, document.city, document.country, document.weather_data, document.weather_fetched_at, document.description, document.uploader_id, document.uploaded_at, document.updated_at, document.file_path, document.version 
FROM document 
WHERE document.uploader_id = %(uploader_id_1)s
2026-08-13 08:52:21,484 - sqlalchemy.engine.Engine - INFO - [cached since 6.149s ago] {'uploader_id_1': 41}
2026-08-13 08:52:21,486 - main - INFO - GET /documents - Status: 200 - Time: 0.009s
2026-08-13 08:52:21,487 - sqlalchemy.engine.Engine - INFO - ROLLBACK
2026-08-13 08:52:21,489 - httpx - INFO - HTTP Request: GET http://testserver/documents "HTTP/1.1 200 OK"
2026-08-13 08:52:21,492 - sqlalchemy.engine.Engine - INFO - BEGIN (implicit)
2026-08-13 08:52:21,493 - sqlalchemy.engine.Engine - INFO - SELECT "user".id, "user".username, "user".email, "user".hashed_password, "user".full_name, "user".role, "user".is_active, "user".created_at, "user".updated_at, "user".last_login 
FROM "user" 
WHERE "user".username = %(username_1)s
2026-08-13 08:52:21,493 - sqlalchemy.engine.Engine - INFO - [cached since 9.219s ago] {'username_1': 'testuser8fb8e93a'}
2026-08-13 08:52:21,497 - sqlalchemy.engine.Engine - INFO - SELECT document.id, document.filename, document.original_filename, document.file_size, document.file_type, document.status, document.city, document.country, document.weather_data, document.weather_fetched_at, document.description, document.uploader_id, document.uploaded_at, document.updated_at, document.file_path, document.version 
FROM document 
WHERE document.uploader_id = %(uploader_id_1)s
2026-08-13 08:52:21,497 - sqlalchemy.engine.Engine - INFO - [cached since 6.163s ago] {'uploader_id_1': 41}
2026-08-13 08:52:21,499 - main - INFO - GET /documents - Status: 200 - Time: 0.009s
2026-08-13 08:52:21,500 - sqlalchemy.engine.Engine - INFO - ROLLBACK
2026-08-13 08:52:21,502 - httpx - INFO - HTTP Request: GET http://testserver/documents "HTTP/1.1 200 OK"
2026-08-13 08:52:21,506 - sqlalchemy.engine.Engine - INFO - BEGIN (implicit)
2026-08-13 08:52:21,506 - sqlalchemy.engine.Engine - INFO - SELECT "user".id, "user".username, "user".email, "user".hashed_password, "user".full_name, "user".role, "user".is_active, "user".created_at, "user".updated_at, "user".last_login 
FROM "user" 
WHERE "user".username = %(username_1)s
2026-08-13 08:52:21,507 - sqlalchemy.engine.Engine - INFO - [cached since 9.233s ago] {'username_1': 'testuser8fb8e93a'}
2026-08-13 08:52:21,511 - sqlalchemy.engine.Engine - INFO - SELECT document.id, document.filename, document.original_filename, document.file_size, document.file_type, document.status, document.city, document.country, document.weather_data, document.weather_fetched_at, document.description, document.uploader_id, document.uploaded_at, document.updated_at, document.file_path, document.version 
FROM document 
WHERE document.uploader_id = %(uploader_id_1)s
2026-08-13 08:52:21,511 - sqlalchemy.engine.Engine - INFO - [cached since 6.177s ago] {'uploader_id_1': 41}
2026-08-13 08:52:21,513 - main - INFO - GET /documents - Status: 200 - Time: 0.009s
2026-08-13 08:52:21,514 - sqlalchemy.engine.Engine - INFO - ROLLBACK
2026-08-13 08:52:21,516 - httpx - INFO - HTTP Request: GET http://testserver/documents "HTTP/1.1 200 OK"
2026-08-13 08:52:21,520 - sqlalchemy.engine.Engine - INFO - BEGIN (implicit)
2026-08-13 08:52:21,520 - sqlalchemy.engine.Engine - INFO - SELECT "user".id, "user".username, "user".email, "user".hashed_password, "user".full_name, "user".role, "user".is_active, "user".created_at, "user".updated_at, "user".last_login 
FROM "user" 
WHERE "user".username = %(username_1)s
2026-08-13 08:52:21,520 - sqlalchemy.engine.Engine - INFO - [cached since 9.246s ago] {'username_1': 'testuser8fb8e93a'}
2026-08-13 08:52:21,524 - sqlalchemy.engine.Engine - INFO - SELECT document.id, document.filename, document.original_filename, document.file_size, document.file_type, document.status, document.city, document.country, document.weather_data, document.weather_fetched_at, document.description, document.uploader_id, document.uploaded_at, document.updated_at, document.file_path, document.version 
FROM document 
WHERE document.uploader_id = %(uploader_id_1)s
2026-08-13 08:52:21,524 - sqlalchemy.engine.Engine - INFO - [cached since 6.19s ago] {'uploader_id_1': 41}
2026-08-13 08:52:21,527 - main - INFO - GET /documents - Status: 200 - Time: 0.010s
2026-08-13 08:52:21,528 - sqlalchemy.engine.Engine - INFO - ROLLBACK
2026-08-13 08:52:21,530 - httpx - INFO - HTTP Request: GET http://testserver/documents "HTTP/1.1 200 OK"
2026-08-13 08:52:21,533 - sqlalchemy.engine.Engine - INFO - BEGIN (implicit)
2026-08-13 08:52:21,534 - sqlalchemy.engine.Engine - INFO - SELECT "user".id, "user".username, "user".email, "user".hashed_password, "user".full_name, "user".role, "user".is_active, "user".created_at, "user".updated_at, "user".last_login 
FROM "user" 
WHERE "user".username = %(username_1)s
2026-08-13 08:52:21,534 - sqlalchemy.engine.Engine - INFO - [cached since 9.26s ago] {'username_1': 'testuser8fb8e93a'}
2026-08-13 08:52:21,538 - sqlalchemy.engine.Engine - INFO - SELECT document.id, document.filename, document.original_filename, document.file_size, document.file_type, document.status, document.city, document.country, document.weather_data, document.weather_fetched_at, document.description, document.uploader_id, document.uploaded_at, document.updated_at, document.file_path, document.version 
FROM document 
WHERE document.uploader_id = %(uploader_id_1)s
2026-08-13 08:52:21,538 - sqlalchemy.engine.Engine - INFO - [cached since 6.204s ago] {'uploader_id_1': 41}
2026-08-13 08:52:21,541 - main - INFO - GET /documents - Status: 200 - Time: 0.009s
2026-08-13 08:52:21,542 - sqlalchemy.engine.Engine - INFO - ROLLBACK
2026-08-13 08:52:21,544 - httpx - INFO - HTTP Request: GET http://testserver/documents "HTTP/1.1 200 OK"
2026-08-13 08:52:21,547 - sqlalchemy.engine.Engine - INFO - BEGIN (implicit)
2026-08-13 08:52:21,548 - sqlalchemy.engine.Engine - INFO - SELECT "user".id, "user".username, "user".email, "user".hashed_password, "user".full_name, "user".role, "user".is_active, "user".created_at, "user".updated_at, "user".last_login 
FROM "user" 
WHERE "user".username = %(username_1)s
2026-08-13 08:52:21,548 - sqlalchemy.engine.Engine - INFO - [cached since 9.274s ago] {'username_1': 'testuser8fb8e93a'}
2026-08-13 08:52:21,552 - sqlalchemy.engine.Engine - INFO - SELECT document.id, document.filename, document.original_filename, document.file_size, document.file_type, document.status, document.city, document.country, document.weather_data, document.weather_fetched_at, document.description, document.uploader_id, document.uploaded_at, document.updated_at, document.file_path, document.version 
FROM document 
WHERE document.uploader_id = %(uploader_id_1)s
2026-08-13 08:52:21,552 - sqlalchemy.engine.Engine - INFO - [cached since 6.218s ago] {'uploader_id_1': 41}
2026-08-13 08:52:21,554 - main - INFO - GET /documents - Status: 200 - Time: 0.009s
2026-08-13 08:52:21,555 - sqlalchemy.engine.Engine - INFO - ROLLBACK
2026-08-13 08:52:21,557 - httpx - INFO - HTTP Request: GET http://testserver/documents "HTTP/1.1 200 OK"
2026-08-13 08:52:21,561 - sqlalchemy.engine.Engine - INFO - BEGIN (implicit)
2026-08-13 08:52:21,562 - sqlalchemy.engine.Engine - INFO - SELECT "user".id, "user".username, "user".email, "user".hashed_password, "user".full_name, "user".role, "user".is_active, "user".created_at, "user".updated_at, "user".last_login 
FROM "user" 
WHERE "user".username = %(username_1)s
2026-08-13 08:52:21,562 - sqlalchemy.engine.Engine - INFO - [cached since 9.288s ago] {'username_1': 'testuser8fb8e93a'}
2026-08-13 08:52:21,565 - sqlalchemy.engine.Engine - INFO - SELECT document.id, document.filename, document.original_filename, document.file_size, document.file_type, document.status, document.city, document.country, document.weather_data, document.weather_fetched_at, document.description, document.uploader_id, document.uploaded_at, document.updated_at, document.file_path, document.version 
FROM document 
WHERE document.uploader_id = %(uploader_id_1)s
2026-08-13 08:52:21,566 - sqlalchemy.engine.Engine - INFO - [cached since 6.232s ago] {'uploader_id_1': 41}
2026-08-13 08:52:21,568 - main - INFO - GET /documents - Status: 200 - Time: 0.010s
2026-08-13 08:52:21,569 - sqlalchemy.engine.Engine - INFO - ROLLBACK
2026-08-13 08:52:21,571 - httpx - INFO - HTTP Request: GET http://testserver/documents "HTTP/1.1 200 OK"
2026-08-13 08:52:21,574 - sqlalchemy.engine.Engine - INFO - BEGIN (implicit)
2026-08-13 08:52:21,575 - sqlalchemy.engine.Engine - INFO - SELECT "user".id, "user".username, "user".email, "user".hashed_password, "user".full_name, "user".role, "user".is_active, "user".created_at, "user".updated_at, "user".last_login 
FROM "user" 
WHERE "user".username = %(username_1)s
2026-08-13 08:52:21,575 - sqlalchemy.engine.Engine - INFO - [cached since 9.301s ago] {'username_1': 'testuser8fb8e93a'}
2026-08-13 08:52:21,579 - sqlalchemy.engine.Engine - INFO - SELECT document.id, document.filename, document.original_filename, document.file_size, document.file_type, document.status, document.city, document.country, document.weather_data, document.weather_fetched_at, document.description, document.uploader_id, document.uploaded_at, document.updated_at, document.file_path, document.version 
FROM document 
WHERE document.uploader_id = %(uploader_id_1)s
2026-08-13 08:52:21,580 - sqlalchemy.engine.Engine - INFO - [cached since 6.245s ago] {'uploader_id_1': 41}
2026-08-13 08:52:21,582 - main - INFO - GET /documents - Status: 200 - Time: 0.009s
2026-08-13 08:52:21,583 - sqlalchemy.engine.Engine - INFO - ROLLBACK
2026-08-13 08:52:21,584 - httpx - INFO - HTTP Request: GET http://testserver/documents "HTTP/1.1 200 OK"
2026-08-13 08:52:21,588 - sqlalchemy.engine.Engine - INFO - BEGIN (implicit)
2026-08-13 08:52:21,588 - sqlalchemy.engine.Engine - INFO - SELECT "user".id, "user".username, "user".email, "user".hashed_password, "user".full_name, "user".role, "user".is_active, "user".created_at, "user".updated_at, "user".last_login 
FROM "user" 
WHERE "user".username = %(username_1)s
2026-08-13 08:52:21,589 - sqlalchemy.engine.Engine - INFO - [cached since 9.315s ago] {'username_1': 'testuser8fb8e93a'}
2026-08-13 08:52:21,592 - sqlalchemy.engine.Engine - INFO - SELECT document.id, document.filename, document.original_filename, document.file_size, document.file_type, document.status, document.city, document.country, document.weather_data, document.weather_fetched_at, document.description, document.uploader_id, document.uploaded_at, document.updated_at, document.file_path, document.version 
FROM document 
WHERE document.uploader_id = %(uploader_id_1)s
2026-08-13 08:52:21,593 - sqlalchemy.engine.Engine - INFO - [cached since 6.259s ago] {'uploader_id_1': 41}
2026-08-13 08:52:21,595 - main - INFO - GET /documents - Status: 200 - Time: 0.009s
2026-08-13 08:52:21,596 - sqlalchemy.engine.Engine - INFO - ROLLBACK
2026-08-13 08:52:21,598 - httpx - INFO - HTTP Request: GET http://testserver/documents "HTTP/1.1 200 OK"
2026-08-13 08:52:21,602 - sqlalchemy.engine.Engine - INFO - BEGIN (implicit)
2026-08-13 08:52:21,602 - sqlalchemy.engine.Engine - INFO - SELECT "user".id, "user".username, "user".email, "user".hashed_password, "user".full_name, "user".role, "user".is_active, "user".created_at, "user".updated_at, "user".last_login 
FROM "user" 
WHERE "user".username = %(username_1)s
2026-08-13 08:52:21,603 - sqlalchemy.engine.Engine - INFO - [cached since 9.329s ago] {'username_1': 'testuser8fb8e93a'}
2026-08-13 08:52:21,606 - sqlalchemy.engine.Engine - INFO - SELECT document.id, document.filename, document.original_filename, document.file_size, document.file_type, document.status, document.city, document.country, document.weather_data, document.weather_fetched_at, document.description, document.uploader_id, document.uploaded_at, document.updated_at, document.file_path, document.version 
FROM document 
WHERE document.uploader_id = %(uploader_id_1)s
2026-08-13 08:52:21,607 - sqlalchemy.engine.Engine - INFO - [cached since 6.272s ago] {'uploader_id_1': 41}
2026-08-13 08:52:21,610 - main - INFO - GET /documents - Status: 200 - Time: 0.010s
2026-08-13 08:52:21,611 - sqlalchemy.engine.Engine - INFO - ROLLBACK
2026-08-13 08:52:21,613 - httpx - INFO - HTTP Request: GET http://testserver/documents "HTTP/1.1 200 OK"
2026-08-13 08:52:21,616 - sqlalchemy.engine.Engine - INFO - BEGIN (implicit)
2026-08-13 08:52:21,617 - sqlalchemy.engine.Engine - INFO - SELECT "user".id, "user".username, "user".email, "user".hashed_password, "user".full_name, "user".role, "user".is_active, "user".created_at, "user".updated_at, "user".last_login 
FROM "user" 
WHERE "user".username = %(username_1)s
2026-08-13 08:52:21,617 - sqlalchemy.engine.Engine - INFO - [cached since 9.343s ago] {'username_1': 'testuser8fb8e93a'}
2026-08-13 08:52:21,620 - sqlalchemy.engine.Engine - INFO - SELECT document.id, document.filename, document.original_filename, document.file_size, document.file_type, document.status, document.city, document.country, document.weather_data, document.weather_fetched_at, document.description, document.uploader_id, document.uploaded_at, document.updated_at, document.file_path, document.version 
FROM document 
WHERE document.uploader_id = %(uploader_id_1)s
2026-08-13 08:52:21,621 - sqlalchemy.engine.Engine - INFO - [cached since 6.287s ago] {'uploader_id_1': 41}
2026-08-13 08:52:21,623 - main - INFO - GET /documents - Status: 200 - Time: 0.009s
2026-08-13 08:52:21,624 - sqlalchemy.engine.Engine - INFO - ROLLBACK
2026-08-13 08:52:21,626 - httpx - INFO - HTTP Request: GET http://testserver/documents "HTTP/1.1 200 OK"
2026-08-13 08:52:21,630 - sqlalchemy.engine.Engine - INFO - BEGIN (implicit)
2026-08-13 08:52:21,631 - sqlalchemy.engine.Engine - INFO - SELECT "user".id, "user".username, "user".email, "user".hashed_password, "user".full_name, "user".role, "user".is_active, "user".created_at, "user".updated_at, "user".last_login 
FROM "user" 
WHERE "user".username = %(username_1)s
2026-08-13 08:52:21,631 - sqlalchemy.engine.Engine - INFO - [cached since 9.357s ago] {'username_1': 'testuser8fb8e93a'}
2026-08-13 08:52:21,634 - sqlalchemy.engine.Engine - INFO - SELECT document.id, document.filename, document.original_filename, document.file_size, document.file_type, document.status, document.city, document.country, document.weather_data, document.weather_fetched_at, document.description, document.uploader_id, document.uploaded_at, document.updated_at, document.file_path, document.version 
FROM document 
WHERE document.uploader_id = %(uploader_id_1)s
2026-08-13 08:52:21,635 - sqlalchemy.engine.Engine - INFO - [cached since 6.301s ago] {'uploader_id_1': 41}
2026-08-13 08:52:21,638 - main - INFO - GET /documents - Status: 200 - Time: 0.010s
2026-08-13 08:52:21,639 - sqlalchemy.engine.Engine - INFO - ROLLBACK
2026-08-13 08:52:21,640 - httpx - INFO - HTTP Request: GET http://testserver/documents "HTTP/1.1 200 OK"
2026-08-13 08:52:21,644 - sqlalchemy.engine.Engine - INFO - BEGIN (implicit)
2026-08-13 08:52:21,645 - sqlalchemy.engine.Engine - INFO - SELECT "user".id, "user".username, "user".email, "user".hashed_password, "user".full_name, "user".role, "user".is_active, "user".created_at, "user".updated_at, "user".last_login 
FROM "user" 
WHERE "user".username = %(username_1)s
2026-08-13 08:52:21,645 - sqlalchemy.engine.Engine - INFO - [cached since 9.371s ago] {'username_1': 'testuser8fb8e93a'}
2026-08-13 08:52:21,649 - sqlalchemy.engine.Engine - INFO - SELECT document.id, document.filename, document.original_filename, document.file_size, document.file_type, document.status, document.city, document.country, document.weather_data, document.weather_fetched_at, document.description, document.uploader_id, document.uploaded_at, document.updated_at, document.file_path, document.version 
FROM document 
WHERE document.uploader_id = %(uploader_id_1)s
2026-08-13 08:52:21,649 - sqlalchemy.engine.Engine - INFO - [cached since 6.315s ago] {'uploader_id_1': 41}
2026-08-13 08:52:21,651 - main - INFO - GET /documents - Status: 200 - Time: 0.009s
2026-08-13 08:52:21,652 - sqlalchemy.engine.Engine - INFO - ROLLBACK
2026-08-13 08:52:21,654 - httpx - INFO - HTTP Request: GET http://testserver/documents "HTTP/1.1 200 OK"
2026-08-13 08:52:21,658 - sqlalchemy.engine.Engine - INFO - BEGIN (implicit)
2026-08-13 08:52:21,658 - sqlalchemy.engine.Engine - INFO - SELECT "user".id, "user".username, "user".email, "user".hashed_password, "user".full_name, "user".role, "user".is_active, "user".created_at, "user".updated_at, "user".last_login 
FROM "user" 
WHERE "user".username = %(username_1)s
2026-08-13 08:52:21,658 - sqlalchemy.engine.Engine - INFO - [cached since 9.384s ago] {'username_1': 'testuser8fb8e93a'}
2026-08-13 08:52:21,663 - sqlalchemy.engine.Engine - INFO - SELECT document.id, document.filename, document.original_filename, document.file_size, document.file_type, document.status, document.city, document.country, document.weather_data, document.weather_fetched_at, document.description, document.uploader_id, document.uploaded_at, document.updated_at, document.file_path, document.version 
FROM document 
WHERE document.uploader_id = %(uploader_id_1)s
2026-08-13 08:52:21,663 - sqlalchemy.engine.Engine - INFO - [cached since 6.329s ago] {'uploader_id_1': 41}
2026-08-13 08:52:21,665 - main - INFO - GET /documents - Status: 200 - Time: 0.010s
2026-08-13 08:52:21,666 - sqlalchemy.engine.Engine - INFO - ROLLBACK
2026-08-13 08:52:21,668 - httpx - INFO - HTTP Request: GET http://testserver/documents "HTTP/1.1 200 OK"
2026-08-13 08:52:21,672 - sqlalchemy.engine.Engine - INFO - BEGIN (implicit)
2026-08-13 08:52:21,672 - sqlalchemy.engine.Engine - INFO - SELECT "user".id, "user".username, "user".email, "user".hashed_password, "user".full_name, "user".role, "user".is_active, "user".created_at, "user".updated_at, "user".last_login 
FROM "user" 
WHERE "user".username = %(username_1)s
2026-08-13 08:52:21,672 - sqlalchemy.engine.Engine - INFO - [cached since 9.398s ago] {'username_1': 'testuser8fb8e93a'}
2026-08-13 08:52:21,676 - sqlalchemy.engine.Engine - INFO - SELECT document.id, document.filename, document.original_filename, document.file_size, document.file_type, document.status, document.city, document.country, document.weather_data, document.weather_fetched_at, document.description, document.uploader_id, document.uploaded_at, document.updated_at, document.file_path, document.version 
FROM document 
WHERE document.uploader_id = %(uploader_id_1)s
2026-08-13 08:52:21,676 - sqlalchemy.engine.Engine - INFO - [cached since 6.342s ago] {'uploader_id_1': 41}
2026-08-13 08:52:21,679 - main - INFO - GET /documents - Status: 200 - Time: 0.009s
2026-08-13 08:52:21,680 - sqlalchemy.engine.Engine - INFO - ROLLBACK
2026-08-13 08:52:21,682 - httpx - INFO - HTTP Request: GET http://testserver/documents "HTTP/1.1 200 OK"
2026-08-13 08:52:21,686 - sqlalchemy.engine.Engine - INFO - BEGIN (implicit)
2026-08-13 08:52:21,686 - sqlalchemy.engine.Engine - INFO - SELECT "user".id, "user".username, "user".email, "user".hashed_password, "user".full_name, "user".role, "user".is_active, "user".created_at, "user".updated_at, "user".last_login 
FROM "user" 
WHERE "user".username = %(username_1)s
2026-08-13 08:52:21,686 - sqlalchemy.engine.Engine - INFO - [cached since 9.412s ago] {'username_1': 'testuser8fb8e93a'}
2026-08-13 08:52:21,690 - sqlalchemy.engine.Engine - INFO - SELECT document.id, document.filename, document.original_filename, document.file_size, document.file_type, document.status, document.city, document.country, document.weather_data, document.weather_fetched_at, document.description, document.uploader_id, document.uploaded_at, document.updated_at, document.file_path, document.version 
FROM document 
WHERE document.uploader_id = %(uploader_id_1)s
2026-08-13 08:52:21,691 - sqlalchemy.engine.Engine - INFO - [cached since 6.356s ago] {'uploader_id_1': 41}
2026-08-13 08:52:21,693 - main - INFO - GET /documents - Status: 200 - Time: 0.010s
2026-08-13 08:52:21,694 - sqlalchemy.engine.Engine - INFO - ROLLBACK
2026-08-13 08:52:21,696 - httpx - INFO - HTTP Request: GET http://testserver/documents "HTTP/1.1 200 OK"
2026-08-13 08:52:21,700 - sqlalchemy.engine.Engine - INFO - BEGIN (implicit)
2026-08-13 08:52:21,700 - sqlalchemy.engine.Engine - INFO - SELECT "user".id, "user".username, "user".email, "user".hashed_password, "user".full_name, "user".role, "user".is_active, "user".created_at, "user".updated_at, "user".last_login 
FROM "user" 
WHERE "user".username = %(username_1)s
2026-08-13 08:52:21,700 - sqlalchemy.engine.Engine - INFO - [cached since 9.426s ago] {'username_1': 'testuser8fb8e93a'}
2026-08-13 08:52:21,704 - sqlalchemy.engine.Engine - INFO - SELECT document.id, document.filename, document.original_filename, document.file_size, document.file_type, document.status, document.city, document.country, document.weather_data, document.weather_fetched_at, document.description, document.uploader_id, document.uploaded_at, document.updated_at, document.file_path, document.version 
FROM document 
WHERE document.uploader_id = %(uploader_id_1)s
2026-08-13 08:52:21,705 - sqlalchemy.engine.Engine - INFO - [cached since 6.37s ago] {'uploader_id_1': 41}
2026-08-13 08:52:21,707 - main - INFO - GET /documents - Status: 200 - Time: 0.009s
2026-08-13 08:52:21,708 - sqlalchemy.engine.Engine - INFO - ROLLBACK
2026-08-13 08:52:21,710 - httpx - INFO - HTTP Request: GET http://testserver/documents "HTTP/1.1 200 OK"
2026-08-13 08:52:21,713 - sqlalchemy.engine.Engine - INFO - BEGIN (implicit)
2026-08-13 08:52:21,714 - sqlalchemy.engine.Engine - INFO - SELECT "user".id, "user".username, "user".email, "user".hashed_password, "user".full_name, "user".role, "user".is_active, "user".created_at, "user".updated_at, "user".last_login 
FROM "user" 
WHERE "user".username = %(username_1)s
2026-08-13 08:52:21,714 - sqlalchemy.engine.Engine - INFO - [cached since 9.44s ago] {'username_1': 'testuser8fb8e93a'}
2026-08-13 08:52:21,718 - sqlalchemy.engine.Engine - INFO - SELECT document.id, document.filename, document.original_filename, document.file_size, document.file_type, document.status, document.city, document.country, document.weather_data, document.weather_fetched_at, document.description, document.uploader_id, document.uploaded_at, document.updated_at, document.file_path, document.version 
FROM document 
WHERE document.uploader_id = %(uploader_id_1)s
2026-08-13 08:52:21,718 - sqlalchemy.engine.Engine - INFO - [cached since 6.384s ago] {'uploader_id_1': 41}
2026-08-13 08:52:21,721 - main - INFO - GET /documents - Status: 200 - Time: 0.009s
2026-08-13 08:52:21,722 - sqlalchemy.engine.Engine - INFO - ROLLBACK
2026-08-13 08:52:21,724 - httpx - INFO - HTTP Request: GET http://testserver/documents "HTTP/1.1 200 OK"
2026-08-13 08:52:21,727 - sqlalchemy.engine.Engine - INFO - BEGIN (implicit)
2026-08-13 08:52:21,728 - sqlalchemy.engine.Engine - INFO - SELECT "user".id, "user".username, "user".email, "user".hashed_password, "user".full_name, "user".role, "user".is_active, "user".created_at, "user".updated_at, "user".last_login 
FROM "user" 
WHERE "user".username = %(username_1)s
2026-08-13 08:52:21,728 - sqlalchemy.engine.Engine - INFO - [cached since 9.454s ago] {'username_1': 'testuser8fb8e93a'}
2026-08-13 08:52:21,732 - sqlalchemy.engine.Engine - INFO - SELECT document.id, document.filename, document.original_filename, document.file_size, document.file_type, document.status, document.city, document.country, document.weather_data, document.weather_fetched_at, document.description, document.uploader_id, document.uploaded_at, document.updated_at, document.file_path, document.version 
FROM document 
WHERE document.uploader_id = %(uploader_id_1)s
2026-08-13 08:52:21,732 - sqlalchemy.engine.Engine - INFO - [cached since 6.398s ago] {'uploader_id_1': 41}
2026-08-13 08:52:21,734 - main - INFO - GET /documents - Status: 200 - Time: 0.009s
2026-08-13 08:52:21,735 - sqlalchemy.engine.Engine - INFO - ROLLBACK
2026-08-13 08:52:21,737 - httpx - INFO - HTTP Request: GET http://testserver/documents "HTTP/1.1 200 OK"
2026-08-13 08:52:21,741 - sqlalchemy.engine.Engine - INFO - BEGIN (implicit)
2026-08-13 08:52:21,741 - sqlalchemy.engine.Engine - INFO - SELECT "user".id, "user".username, "user".email, "user".hashed_password, "user".full_name, "user".role, "user".is_active, "user".created_at, "user".updated_at, "user".last_login 
FROM "user" 
WHERE "user".username = %(username_1)s
2026-08-13 08:52:21,741 - sqlalchemy.engine.Engine - INFO - [cached since 9.467s ago] {'username_1': 'testuser8fb8e93a'}
2026-08-13 08:52:21,745 - sqlalchemy.engine.Engine - INFO - SELECT document.id, document.filename, document.original_filename, document.file_size, document.file_type, document.status, document.city, document.country, document.weather_data, document.weather_fetched_at, document.description, document.uploader_id, document.uploaded_at, document.updated_at, document.file_path, document.version 
FROM document 
WHERE document.uploader_id = %(uploader_id_1)s
2026-08-13 08:52:21,746 - sqlalchemy.engine.Engine - INFO - [cached since 6.412s ago] {'uploader_id_1': 41}
2026-08-13 08:52:21,748 - main - INFO - GET /documents - Status: 200 - Time: 0.009s
2026-08-13 08:52:21,749 - sqlalchemy.engine.Engine - INFO - ROLLBACK
2026-08-13 08:52:21,751 - httpx - INFO - HTTP Request: GET http://testserver/documents "HTTP/1.1 200 OK"
2026-08-13 08:52:21,754 - sqlalchemy.engine.Engine - INFO - BEGIN (implicit)
2026-08-13 08:52:21,755 - sqlalchemy.engine.Engine - INFO - SELECT "user".id, "user".username, "user".email, "user".hashed_password, "user".full_name, "user".role, "user".is_active, "user".created_at, "user".updated_at, "user".last_login 
FROM "user" 
WHERE "user".username = %(username_1)s
2026-08-13 08:52:21,755 - sqlalchemy.engine.Engine - INFO - [cached since 9.481s ago] {'username_1': 'testuser8fb8e93a'}
2026-08-13 08:52:21,759 - sqlalchemy.engine.Engine - INFO - SELECT document.id, document.filename, document.original_filename, document.file_size, document.file_type, document.status, document.city, document.country, document.weather_data, document.weather_fetched_at, document.description, document.uploader_id, document.uploaded_at, document.updated_at, document.file_path, document.version 
FROM document 
WHERE document.uploader_id = %(uploader_id_1)s
2026-08-13 08:52:21,759 - sqlalchemy.engine.Engine - INFO - [cached since 6.425s ago] {'uploader_id_1': 41}
2026-08-13 08:52:21,762 - main - INFO - GET /documents - Status: 200 - Time: 0.010s
2026-08-13 08:52:21,763 - sqlalchemy.engine.Engine - INFO - ROLLBACK
2026-08-13 08:52:21,765 - httpx - INFO - HTTP Request: GET http://testserver/documents "HTTP/1.1 200 OK"
2026-08-13 08:52:21,768 - sqlalchemy.engine.Engine - INFO - BEGIN (implicit)
2026-08-13 08:52:21,769 - sqlalchemy.engine.Engine - INFO - SELECT "user".id, "user".username, "user".email, "user".hashed_password, "user".full_name, "user".role, "user".is_active, "user".created_at, "user".updated_at, "user".last_login 
FROM "user" 
WHERE "user".username = %(username_1)s
2026-08-13 08:52:21,769 - sqlalchemy.engine.Engine - INFO - [cached since 9.495s ago] {'username_1': 'testuser8fb8e93a'}
2026-08-13 08:52:21,773 - sqlalchemy.engine.Engine - INFO - SELECT document.id, document.filename, document.original_filename, document.file_size, document.file_type, document.status, document.city, document.country, document.weather_data, document.weather_fetched_at, document.description, document.uploader_id, document.uploaded_at, document.updated_at, document.file_path, document.version 
FROM document 
WHERE document.uploader_id = %(uploader_id_1)s
2026-08-13 08:52:21,773 - sqlalchemy.engine.Engine - INFO - [cached since 6.439s ago] {'uploader_id_1': 41}
2026-08-13 08:52:21,775 - main - INFO - GET /documents - Status: 200 - Time: 0.009s
2026-08-13 08:52:21,776 - sqlalchemy.engine.Engine - INFO - ROLLBACK
2026-08-13 08:52:21,778 - httpx - INFO - HTTP Request: GET http://testserver/documents "HTTP/1.1 200 OK"
2026-08-13 08:52:21,782 - sqlalchemy.engine.Engine - INFO - BEGIN (implicit)
2026-08-13 08:52:21,783 - sqlalchemy.engine.Engine - INFO - SELECT "user".id, "user".username, "user".email, "user".hashed_password, "user".full_name, "user".role, "user".is_active, "user".created_at, "user".updated_at, "user".last_login 
FROM "user" 
WHERE "user".username = %(username_1)s
2026-08-13 08:52:21,783 - sqlalchemy.engine.Engine - INFO - [cached since 9.509s ago] {'username_1': 'testuser8fb8e93a'}
2026-08-13 08:52:21,787 - sqlalchemy.engine.Engine - INFO - SELECT document.id, document.filename, document.original_filename, document.file_size, document.file_type, document.status, document.city, document.country, document.weather_data, document.weather_fetched_at, document.description, document.uploader_id, document.uploaded_at, document.updated_at, document.file_path, document.version 
FROM document 
WHERE document.uploader_id = %(uploader_id_1)s
2026-08-13 08:52:21,787 - sqlalchemy.engine.Engine - INFO - [cached since 6.453s ago] {'uploader_id_1': 41}
2026-08-13 08:52:21,789 - main - INFO - GET /documents - Status: 200 - Time: 0.009s
2026-08-13 08:52:21,790 - sqlalchemy.engine.Engine - INFO - ROLLBACK
2026-08-13 08:52:21,792 - httpx - INFO - HTTP Request: GET http://testserver/documents "HTTP/1.1 200 OK"
2026-08-13 08:52:21,796 - sqlalchemy.engine.Engine - INFO - BEGIN (implicit)
2026-08-13 08:52:21,796 - sqlalchemy.engine.Engine - INFO - SELECT "user".id, "user".username, "user".email, "user".hashed_password, "user".full_name, "user".role, "user".is_active, "user".created_at, "user".updated_at, "user".last_login 
FROM "user" 
WHERE "user".username = %(username_1)s
2026-08-13 08:52:21,796 - sqlalchemy.engine.Engine - INFO - [cached since 9.522s ago] {'username_1': 'testuser8fb8e93a'}
2026-08-13 08:52:21,800 - sqlalchemy.engine.Engine - INFO - SELECT document.id, document.filename, document.original_filename, document.file_size, document.file_type, document.status, document.city, document.country, document.weather_data, document.weather_fetched_at, document.description, document.uploader_id, document.uploaded_at, document.updated_at, document.file_path, document.version 
FROM document 
WHERE document.uploader_id = %(uploader_id_1)s
2026-08-13 08:52:21,801 - sqlalchemy.engine.Engine - INFO - [cached since 6.466s ago] {'uploader_id_1': 41}
2026-08-13 08:52:21,803 - main - INFO - GET /documents - Status: 200 - Time: 0.010s
2026-08-13 08:52:21,804 - sqlalchemy.engine.Engine - INFO - ROLLBACK
2026-08-13 08:52:21,806 - httpx - INFO - HTTP Request: GET http://testserver/documents "HTTP/1.1 200 OK"
2026-08-13 08:52:21,809 - sqlalchemy.engine.Engine - INFO - BEGIN (implicit)
2026-08-13 08:52:21,810 - sqlalchemy.engine.Engine - INFO - SELECT "user".id, "user".username, "user".email, "user".hashed_password, "user".full_name, "user".role, "user".is_active, "user".created_at, "user".updated_at, "user".last_login 
FROM "user" 
WHERE "user".username = %(username_1)s
2026-08-13 08:52:21,810 - sqlalchemy.engine.Engine - INFO - [cached since 9.536s ago] {'username_1': 'testuser8fb8e93a'}
2026-08-13 08:52:21,814 - sqlalchemy.engine.Engine - INFO - SELECT document.id, document.filename, document.original_filename, document.file_size, document.file_type, document.status, document.city, document.country, document.weather_data, document.weather_fetched_at, document.description, document.uploader_id, document.uploaded_at, document.updated_at, document.file_path, document.version 
FROM document 
WHERE document.uploader_id = %(uploader_id_1)s
2026-08-13 08:52:21,814 - sqlalchemy.engine.Engine - INFO - [cached since 6.48s ago] {'uploader_id_1': 41}
2026-08-13 08:52:21,816 - main - INFO - GET /documents - Status: 200 - Time: 0.009s
2026-08-13 08:52:21,817 - sqlalchemy.engine.Engine - INFO - ROLLBACK
2026-08-13 08:52:21,819 - httpx - INFO - HTTP Request: GET http://testserver/documents "HTTP/1.1 200 OK"
2026-08-13 08:52:21,823 - sqlalchemy.engine.Engine - INFO - BEGIN (implicit)
2026-08-13 08:52:21,823 - sqlalchemy.engine.Engine - INFO - SELECT "user".id, "user".username, "user".email, "user".hashed_password, "user".full_name, "user".role, "user".is_active, "user".created_at, "user".updated_at, "user".last_login 
FROM "user" 
WHERE "user".username = %(username_1)s
2026-08-13 08:52:21,823 - sqlalchemy.engine.Engine - INFO - [cached since 9.549s ago] {'username_1': 'testuser8fb8e93a'}
2026-08-13 08:52:21,827 - sqlalchemy.engine.Engine - INFO - SELECT document.id, document.filename, document.original_filename, document.file_size, document.file_type, document.status, document.city, document.country, document.weather_data, document.weather_fetched_at, document.description, document.uploader_id, document.uploaded_at, document.updated_at, document.file_path, document.version 
FROM document 
WHERE document.uploader_id = %(uploader_id_1)s
2026-08-13 08:52:21,827 - sqlalchemy.engine.Engine - INFO - [cached since 6.493s ago] {'uploader_id_1': 41}
2026-08-13 08:52:21,830 - main - INFO - GET /documents - Status: 200 - Time: 0.009s
2026-08-13 08:52:21,831 - sqlalchemy.engine.Engine - INFO - ROLLBACK
2026-08-13 08:52:21,832 - httpx - INFO - HTTP Request: GET http://testserver/documents "HTTP/1.1 200 OK"
2026-08-13 08:52:21,836 - sqlalchemy.engine.Engine - INFO - BEGIN (implicit)
2026-08-13 08:52:21,837 - sqlalchemy.engine.Engine - INFO - SELECT "user".id, "user".username, "user".email, "user".hashed_password, "user".full_name, "user".role, "user".is_active, "user".created_at, "user".updated_at, "user".last_login 
FROM "user" 
WHERE "user".username = %(username_1)s
2026-08-13 08:52:21,837 - sqlalchemy.engine.Engine - INFO - [cached since 9.563s ago] {'username_1': 'testuser8fb8e93a'}
2026-08-13 08:52:21,841 - sqlalchemy.engine.Engine - INFO - SELECT document.id, document.filename, document.original_filename, document.file_size, document.file_type, document.status, document.city, document.country, document.weather_data, document.weather_fetched_at, document.description, document.uploader_id, document.uploaded_at, document.updated_at, document.file_path, document.version 
FROM document 
WHERE document.uploader_id = %(uploader_id_1)s
2026-08-13 08:52:21,841 - sqlalchemy.engine.Engine - INFO - [cached since 6.507s ago] {'uploader_id_1': 41}
2026-08-13 08:52:21,844 - main - INFO - GET /documents - Status: 200 - Time: 0.010s
2026-08-13 08:52:21,845 - sqlalchemy.engine.Engine - INFO - ROLLBACK
2026-08-13 08:52:21,846 - httpx - INFO - HTTP Request: GET http://testserver/documents "HTTP/1.1 200 OK"
2026-08-13 08:52:21,850 - sqlalchemy.engine.Engine - INFO - BEGIN (implicit)
2026-08-13 08:52:21,851 - sqlalchemy.engine.Engine - INFO - SELECT "user".id, "user".username, "user".email, "user".hashed_password, "user".full_name, "user".role, "user".is_active, "user".created_at, "user".updated_at, "user".last_login 
FROM "user" 
WHERE "user".username = %(username_1)s
2026-08-13 08:52:21,851 - sqlalchemy.engine.Engine - INFO - [cached since 9.577s ago] {'username_1': 'testuser8fb8e93a'}
2026-08-13 08:52:21,855 - sqlalchemy.engine.Engine - INFO - SELECT document.id, document.filename, document.original_filename, document.file_size, document.file_type, document.status, document.city, document.country, document.weather_data, document.weather_fetched_at, document.description, document.uploader_id, document.uploaded_at, document.updated_at, document.file_path, document.version 
FROM document 
WHERE document.uploader_id = %(uploader_id_1)s
2026-08-13 08:52:21,855 - sqlalchemy.engine.Engine - INFO - [cached since 6.521s ago] {'uploader_id_1': 41}
2026-08-13 08:52:21,857 - main - INFO - GET /documents - Status: 200 - Time: 0.009s
2026-08-13 08:52:21,858 - sqlalchemy.engine.Engine - INFO - ROLLBACK
2026-08-13 08:52:21,860 - httpx - INFO - HTTP Request: GET http://testserver/documents "HTTP/1.1 200 OK"
